Replicate,Day,Month,Year,Lee abstraction,Mid Thames,Upper Thames,London,SWOX,rsds,rlds,wss,Beckton desalination,Gatehampton GW,SWOX GW,WB GW,Aggregated London GW,Affinity Iver,Three Valleys,Affinity and Surrey,Essex and Suffolk,Timestep
1.0,1.0,1,2020.0,978.912,1513.7279999999996,7972.991999999998,2038.0093,264.3083,25.98994,287.32947,4.0865,150,50,189.78,66,458,227,2,205.088,60,1
1.0,2.0,1,2020.0,870.048,1448.064,7822.656,2038.0093,264.3083,40.40978,240.56403,4.19172,150,50,189.78,66,458,227,2,205.088,60,2
1.0,3.0,1,2020.0,764.7264,1378.944,7554.816,2038.0093,264.3083,43.14365,231.77129,2.79847,150,50,189.78,66,458,227,2,205.088,60,3
1.0,4.0,1,2020.0,677.1168,1315.0079999999996,7249.824,2038.0093,264.3083,43.64246,237.14963,1.93568,150,50,189.78,66,458,227,2,205.088,60,4
1.0,5.0,1,2020.0,605.0592,1257.984,6944.8319999999985,2038.0093,264.3083,38.4041,261.09262,2.98346,150,50,189.78,66,458,227,2,205.088,60,5
1.0,6.0,1,2020.0,548.0352,1213.056,6668.352,2038.0093,264.3083,22.0086,294.47983,2.21359,150,50,189.78,66,458,227,2,205.088,60,6
1.0,7.0,1,2020.0,496.4544,1165.536,6413.472,2038.0093,264.3083,11.77748,334.5888700000001,4.999619999999998,150,50,189.78,66,458,227,2,205.088,60,7
1.0,8.0,1,2020.0,547.4304,1176.768,6266.592,2038.0093,264.3083,7.16847,329.1925,7.917089999999999,150,50,189.78,66,458,227,2,205.088,60,8
1.0,9.0,1,2020.0,513.9072,1143.936,6144.768,2038.0093,264.3083,46.31433,243.46191,5.49386,150,50,189.78,66,458,227,2,205.088,60,9
1.0,10.0,1,2020.0,624.24,1190.592,6139.584,2038.0093,264.3083,17.4285,285.6182,6.651039999999999,150,50,189.78,66,458,227,2,205.088,60,10
1.0,11.0,1,2020.0,583.7184,1162.944,6128.352,2038.0093,264.3083,47.84035,245.80042000000003,7.35717,150,50,189.78,66,458,227,2,205.088,60,11
1.0,12.0,1,2020.0,514.6848,1116.288,6027.264,2038.0093,264.3083,50.37746,216.67906,4.06874,150,50,189.78,66,458,227,2,205.088,60,12
1.0,13.0,1,2020.0,451.0944,1068.768,5858.7840000000015,2038.0093,264.3083,49.94683,225.93755,6.41742,150,50,189.78,66,458,227,2,205.088,60,13
1.0,14.0,1,2020.0,398.0448,1025.568,5659.2,2038.0093,264.3083,52.07025,227.10275,5.83948,150,50,189.78,66,458,227,2,205.088,60,14
1.0,15.0,1,2020.0,354.3264,984.96,5454.432,2038.0093,264.3083,52.90834,225.28154,2.68306,150,50,189.78,66,458,227,2,205.088,60,15
1.0,16.0,1,2020.0,713.1456,1492.9920000000004,6078.24,2038.0093,264.3083,2.5495,311.49277,5.10299,150,50,189.78,66,458,227,2,205.088,60,16
1.0,17.0,1,2020.0,1378.944,2100.384,8398.08,2038.0093,264.3083,11.26465,324.5411,2.76244,150,50,189.78,66,458,227,2,205.088,60,17
1.0,18.0,1,2020.0,3787.776,3535.488,15152.832,2038.0093,264.3083,11.5915,296.70233,6.742660000000001,150,50,189.78,66,458,227,2,205.088,60,18
1.0,19.0,1,2020.0,2907.36,3128.544000000001,16371.936000000003,2038.0093,264.3083,45.31556,236.41496,3.68083,150,50,189.78,66,458,227,2,205.088,60,19
1.0,20.0,1,2020.0,2671.488,3030.048,16098.912,2038.0093,264.3083,34.96785,283.33694,4.09796,150,50,189.78,66,458,227,2,205.088,60,20
1.0,21.0,1,2020.0,2156.544,2778.6240000000007,15062.976,2038.0093,264.3083,57.95249,255.15192,2.7725,150,50,189.78,66,458,227,2,205.088,60,21
1.0,22.0,1,2020.0,2036.448,2708.64,14459.04,2038.0093,264.3083,35.74412,291.04388,2.5960400000000003,150,50,189.78,66,458,227,2,205.088,60,22
1.0,23.0,1,2020.0,1670.976,2445.12,13392.0,2038.0093,264.3083,42.52708,282.14465,2.92848,150,50,189.78,66,458,227,2,205.088,60,23
1.0,24.0,1,2020.0,1802.304,2425.248,12928.032,2038.0093,264.3083,53.5937,276.6648,5.33325,150,50,189.78,66,458,227,2,205.088,60,24
1.0,25.0,1,2020.0,2178.144,2564.3520000000008,13264.128,2038.0093,264.3083,12.28715,312.02158,4.63655,150,50,189.78,66,458,227,2,205.088,60,25
1.0,26.0,1,2020.0,1794.5279999999998,2356.128,12737.952,2038.0093,264.3083,58.09608000000001,269.87787000000003,4.40993,150,50,189.78,66,458,227,2,205.088,60,26
1.0,27.0,1,2020.0,1477.44,2160.864,11861.856000000002,2038.0093,264.3083,59.15349000000001,261.1817,3.92224,150,50,189.78,66,458,227,2,205.088,60,27
1.0,28.0,1,2020.0,2956.608,2925.504000000001,14086.656,2038.0093,264.3083,10.94797,338.5152,6.5741,150,50,189.78,66,458,227,2,205.088,60,28
1.0,29.0,1,2020.0,2868.48,2948.832000000001,15203.808,2038.0093,264.3083,9.11492,337.68506,8.652239999999999,150,50,189.78,66,458,227,2,205.088,60,29
1.0,30.0,1,2020.0,2631.744,2877.12,15206.4,2038.0093,264.3083,42.99023,326.36783,4.29828,150,50,189.78,66,458,227,2,205.088,60,30
1.0,31.0,1,2020.0,2251.584,2711.232,14560.128,2038.0093,264.3083,51.07303,324.70035,4.834230000000002,150,50,189.78,66,458,227,2,205.088,60,31
1.0,32.0,2,2020.0,1856.736,2509.056,13621.824,2013.2811,266.97806,57.21749000000001,284.31824,5.15433,150,50,189.78,66,458,227,2,207.376,60,32
1.0,33.0,2,2020.0,1564.704,2335.3920000000007,12689.568,2013.2811,266.97806,32.06471,295.3077,6.3925,150,50,189.78,66,458,227,2,207.376,60,33
1.0,34.0,2,2020.0,3067.2,3123.36,15132.96,2013.2811,266.97806,25.08994,307.38022,5.4291800000000014,150,50,189.78,66,458,227,2,207.376,60,34
1.0,35.0,2,2020.0,2837.376,3077.568,15964.992,2013.2811,266.97806,35.10362,325.4514,4.08341,150,50,189.78,66,458,227,2,207.376,60,35
1.0,36.0,2,2020.0,2894.4,3151.8720000000008,16417.729,2013.2811,266.97806,18.066270000000006,311.9582,6.54499,150,50,189.78,66,458,227,2,207.376,60,36
1.0,37.0,2,2020.0,2350.944,2919.456,15647.904,2013.2811,266.97806,75.31600999999998,235.6645,5.58073,150,50,189.78,66,458,227,2,207.376,60,37
1.0,38.0,2,2020.0,1944.864,2712.0959999999995,14619.744,2013.2811,266.97806,86.49129,222.18506,2.24051,150,50,189.78,66,458,227,2,207.376,60,38
1.0,39.0,2,2020.0,1647.648,2535.84,13655.52,2013.2811,266.97806,72.92837,263.54803,2.57924,150,50,189.78,66,458,227,2,207.376,60,39
1.0,40.0,2,2020.0,1425.6,2386.368,12820.032,2013.2811,266.97806,39.43362,315.53616,3.43779,150,50,189.78,66,458,227,2,207.376,60,40
1.0,41.0,2,2020.0,1251.072,2255.04,12087.36,2013.2811,266.97806,66.49256,276.32736,2.13818,150,50,189.78,66,458,227,2,207.376,60,41
1.0,42.0,2,2020.0,1110.24,2139.264,11442.816,2013.2811,266.97806,37.27083,306.68298,2.24028,150,50,189.78,66,458,227,2,207.376,60,42
1.0,43.0,2,2020.0,993.6,2037.312,10870.848,2013.2811,266.97806,61.87563000000001,304.59915,3.92749,150,50,189.78,66,458,227,2,207.376,60,43
1.0,44.0,2,2020.0,952.128,1980.288,10452.672,2013.2811,266.97806,28.38406,324.76785,4.17641,150,50,189.78,66,458,227,2,207.376,60,44
1.0,45.0,2,2020.0,864.0,1898.208,10050.912,2013.2811,266.97806,45.82404,312.45374,4.9233,150,50,189.78,66,458,227,2,207.376,60,45
1.0,46.0,2,2020.0,778.8960000000002,1818.72,9646.56,2013.2811,266.97806,75.02863,306.6477,6.2305199999999985,150,50,189.78,66,458,227,2,207.376,60,46
1.0,47.0,2,2020.0,703.9008,1745.28,9253.44,2013.2811,266.97806,59.95674,313.8216,4.88672,150,50,189.78,66,458,227,2,207.376,60,47
1.0,48.0,2,2020.0,638.7552,1678.7520000000004,8887.968,2013.2811,266.97806,90.34779,303.32205,5.46857,150,50,189.78,66,458,227,2,207.376,60,48
1.0,49.0,2,2020.0,804.7296,1749.6,8886.24,2013.2811,266.97806,25.04227,345.1806,2.89134,150,50,189.78,66,458,227,2,207.376,60,49
1.0,50.0,2,2020.0,752.9760000000001,1696.896,8809.344000000001,2013.2811,266.97806,92.99516,306.82996,4.3613800000000005,150,50,189.78,66,458,227,2,207.376,60,50
1.0,51.0,2,2020.0,667.6992,1630.368,8582.112,2013.2811,266.97806,60.14932,328.6362299999999,3.68744,150,50,189.78,66,458,227,2,207.376,60,51
1.0,52.0,2,2020.0,590.544,1567.296,8290.944,2013.2811,266.97806,104.88781000000002,302.5136,2.06964,150,50,189.78,66,458,227,2,207.376,60,52
1.0,53.0,2,2020.0,524.9664,1506.816,7988.544,2013.2811,266.97806,91.78219,298.70416,2.27182,150,50,189.78,66,458,227,2,207.376,60,53
1.0,54.0,2,2020.0,487.6416,1464.48,7728.48,2013.2811,266.97806,35.004259999999995,342.61035,3.56684,150,50,189.78,66,458,227,2,207.376,60,54
1.0,55.0,2,2020.0,563.4144,1490.4,7642.08,2013.2811,266.97806,120.24577,290.4891,5.64064,150,50,189.78,66,458,227,2,207.376,60,55
1.0,56.0,2,2020.0,530.1504,1447.2,7529.76,2013.2811,266.97806,94.30159,302.28015,7.136639999999999,150,50,189.78,66,458,227,2,207.376,60,56
1.0,57.0,2,2020.0,746.7552,1718.496,8036.064,2013.2811,266.97806,37.27838,329.4541,5.8746800000000015,150,50,189.78,66,458,227,2,207.376,60,57
1.0,58.0,2,2020.0,1605.312,2221.344,9866.016,2013.2811,266.97806,14.43589,331.93274,1.84876,150,50,189.78,66,458,227,2,207.376,60,58
1.0,59.0,2,2020.0,1488.672,2146.176,10753.344,2013.2811,266.97806,92.71031,309.2408,2.20142,150,50,189.78,66,458,227,2,207.376,60,59
1.0,60.0,2,2020.0,1302.912,2034.72,10692.0,2013.2811,266.97806,86.40290999999998,309.44974,3.35651,150,50,189.78,66,458,227,2,207.376,60,60
1.0,61.0,3,2020.0,1063.5839999999996,1887.84,10182.24,1988.5531,264.3083,63.79935,324.77722,2.67407,150,50,189.78,66,458,227,2,197.392,60,61
1.0,62.0,3,2020.0,2669.76,2744.928,12625.632,1988.5531,264.3083,40.91454,339.27695,3.14988,150,50,189.78,66,458,227,2,197.392,60,62
1.0,63.0,3,2020.0,2164.32,2566.944,13296.096,1988.5531,264.3083,104.3461,306.9379,3.820780000000001,150,50,189.78,66,458,227,2,197.392,60,63
1.0,64.0,3,2020.0,2002.752,2506.464,13183.776000000002,1988.5531,264.3083,79.37535,292.69986,2.51773,150,50,189.78,66,458,227,2,197.392,60,64
1.0,65.0,3,2020.0,1621.7279999999996,2318.976,12498.624,1988.5531,264.3083,113.47908,259.20224,3.37711,150,50,189.78,66,458,227,2,197.392,60,65
1.0,66.0,3,2020.0,1334.016,2152.224,11671.776000000002,1988.5531,264.3083,139.1384,254.6798,5.00102,150,50,189.78,66,458,227,2,197.392,60,66
1.0,67.0,3,2020.0,1123.2,2009.664,10907.136,1988.5531,264.3083,110.154,282.1146,4.73128,150,50,189.78,66,458,227,2,197.392,60,67
1.0,68.0,3,2020.0,965.088,1889.568,10232.352,1988.5531,264.3083,68.57995,290.12906,4.21661,150,50,189.78,66,458,227,2,197.392,60,68
1.0,69.0,3,2020.0,842.7456,1784.16,9637.92,1988.5531,264.3083,146.63881999999995,244.15611,5.30135,150,50,189.78,66,458,227,2,197.392,60,69
1.0,70.0,3,2020.0,744.768,1691.7120000000002,9116.928,1988.5531,264.3083,164.49986,228.47408,4.975219999999998,150,50,189.78,66,458,227,2,197.392,60,70
1.0,71.0,3,2020.0,687.2256,1626.0479999999998,8698.752,1988.5531,264.3083,98.64785,283.152,5.298019999999998,150,50,189.78,66,458,227,2,197.392,60,71
1.0,72.0,3,2020.0,619.92,1553.4720000000002,8313.408000000001,1988.5531,264.3083,135.12746,271.64462000000003,5.51085,150,50,189.78,66,458,227,2,197.392,60,72
1.0,73.0,3,2020.0,558.3168,1486.08,7957.44,1988.5531,264.3083,277.39832,277.39832,5.4044349999999985,150,50,189.78,66,458,227,2,197.392,60,73
1.0,74.0,3,2020.0,504.576,1424.736,7621.344,1988.5531,264.3083,172.5734,227.53027000000003,2.17375,150,50,189.78,66,458,227,2,197.392,60,74
1.0,75.0,3,2020.0,460.4256,1372.0320000000004,7319.808000000001,1988.5531,264.3083,127.91565,283.5754,6.00908,150,50,189.78,66,458,227,2,197.392,60,75
1.0,76.0,3,2020.0,540.1728,1397.9520000000002,7198.848000000001,1988.5531,264.3083,81.45869,338.5722,5.19502,150,50,189.78,66,458,227,2,197.392,60,76
1.0,77.0,3,2020.0,790.9056,1516.32,7417.44,1988.5531,264.3083,41.93757,338.09427,5.17801,150,50,189.78,66,458,227,2,197.392,60,77
1.0,78.0,3,2020.0,757.3824,1488.672,7566.048000000002,1988.5531,264.3083,107.94382,294.3625,6.78662,150,50,189.78,66,458,227,2,197.392,60,78
1.0,79.0,3,2020.0,691.4592,1444.608,7523.711999999998,1988.5531,264.3083,146.11108000000004,291.62115,4.36735,150,50,189.78,66,458,227,2,197.392,60,79
1.0,80.0,3,2020.0,598.1472,1381.536,7336.224,1988.5531,264.3083,150.54326,332.8428,7.21108,150,50,189.78,66,458,227,2,197.392,60,80
1.0,81.0,3,2020.0,818.64,1492.128,7432.991999999998,1988.5531,264.3083,78.55216,316.80045,6.82987,150,50,189.78,66,458,227,2,197.392,60,81
1.0,82.0,3,2020.0,751.68,1449.792,7475.328,1988.5531,264.3083,182.54509,277.66345,3.80865,150,50,189.78,66,458,227,2,197.392,60,82
1.0,83.0,3,2020.0,676.1664,1402.2720000000004,7367.328,1988.5531,264.3083,137.25323,290.36493,4.2247900000000005,150,50,189.78,66,458,227,2,197.392,60,83
1.0,84.0,3,2020.0,1886.976,2068.416,8913.024,1988.5531,264.3083,18.63675,343.08734,4.8636300000000015,150,50,189.78,66,458,227,2,197.392,60,84
1.0,85.0,3,2020.0,1624.32,2004.48,9936.0,1988.5531,264.3083,143.67094,291.95956,5.0237300000000005,150,50,189.78,66,458,227,2,197.392,60,85
1.0,86.0,3,2020.0,2494.368,2492.64,11797.92,1988.5531,264.3083,187.45567,279.8669,4.53085,150,50,189.78,66,458,227,2,197.392,60,86
1.0,87.0,3,2020.0,3366.144,3050.784,14713.056,1988.5531,264.3083,74.6379,325.89758,4.80146,150,50,189.78,66,458,227,2,197.392,60,87
1.0,88.0,3,2020.0,3451.68,3232.224,16458.336,1988.5531,264.3083,94.79909,306.23193,7.20162,150,50,189.78,66,458,227,2,197.392,60,88
1.0,89.0,3,2020.0,2694.816,2955.744,15853.536,1988.5531,264.3083,203.0775,247.73373,4.19529,150,50,189.78,66,458,227,2,197.392,60,89
1.0,90.0,3,2020.0,2157.408,2712.0959999999995,14706.143999999998,1988.5531,264.3083,211.8107,246.0756,1.94237,150,50,189.78,66,458,227,2,197.392,60,90
1.0,91.0,3,2020.0,1778.976,2508.192,13605.408,1988.5531,264.3083,219.848,246.77231,3.34146,150,50,189.78,66,458,227,2,197.392,60,91
1.0,92.0,4,2020.0,1503.36,2335.3920000000007,12646.368,1986.4923,269.64783,142.84781,302.1916,4.17291,150,50,189.78,66,458,227,2,209.664,75,92
1.0,93.0,4,2020.0,1297.728,2190.24,11823.84,1986.4923,269.64783,63.19168000000001,368.5457,7.895739999999999,150,50,189.78,66,458,227,2,209.664,75,93
1.0,94.0,4,2020.0,1137.024,2064.096,11111.904,1986.4923,269.64783,197.23949,297.8603,7.06997,150,50,189.78,66,458,227,2,209.664,75,94
1.0,95.0,4,2020.0,1007.424,1953.504,10488.096,1986.4923,269.64783,149.06131000000005,286.50223,5.07246,150,50,189.78,66,458,227,2,209.664,75,95
1.0,96.0,4,2020.0,900.288,1855.872,9946.368,1986.4923,269.64783,171.72815,301.8843700000001,4.09345,150,50,189.78,66,458,227,2,209.664,75,96
1.0,97.0,4,2020.0,877.824,1809.216,9561.024,1986.4923,269.64783,37.20126,333.61078,3.50779,150,50,189.78,66,458,227,2,209.664,75,97
1.0,98.0,4,2020.0,797.3856,1732.32,9188.64,1986.4923,269.64783,136.67155,341.7915,5.7199300000000015,150,50,189.78,66,458,227,2,209.664,75,98
1.0,99.0,4,2020.0,717.12,1657.152,8814.528,1986.4923,269.64783,113.66187,349.3679,8.47485,150,50,189.78,66,458,227,2,209.664,75,99
1.0,100.0,4,2020.0,731.2896,1639.0079999999996,8573.472,1986.4923,269.64783,219.6399,288.70172,7.0781100000000015,150,50,189.78,66,458,227,2,209.664,75,100
1.0,101.0,4,2020.0,669.6,1578.5279999999998,8314.271999999999,1986.4923,269.64783,231.39957,265.02975,4.07115,150,50,189.78,66,458,227,2,209.664,75,101
1.0,102.0,4,2020.0,601.1712,1515.456,8023.104,1986.4923,269.64783,163.04797,321.71414,4.738569999999998,150,50,189.78,66,458,227,2,209.664,75,102
1.0,103.0,4,2020.0,539.9136,1456.704,7727.616,1986.4923,269.64783,108.53538,326.77515,2.17655,150,50,189.78,66,458,227,2,209.664,75,103
1.0,104.0,4,2020.0,486.9504,1401.408,7437.312,1986.4923,269.64783,125.0383,309.9506,2.5626,150,50,189.78,66,458,227,2,209.664,75,104
1.0,105.0,4,2020.0,441.2448,1350.432,7167.7440000000015,1986.4923,269.64783,239.14914,295.4254,2.40725,150,50,189.78,66,458,227,2,209.664,75,105
1.0,106.0,4,2020.0,401.328,1302.912,6912.0,1986.4923,269.64783,257.5049,284.95245,1.48444,150,50,189.78,66,458,227,2,209.664,75,106
1.0,107.0,4,2020.0,366.0768,1257.984,6672.672,1986.4923,269.64783,255.43694,300.7232,4.52642,150,50,189.78,66,458,227,2,209.664,75,107
1.0,108.0,4,2020.0,334.7136,1215.648,6447.1680000000015,1986.4923,269.64783,248.46736,305.33026,4.84347,150,50,189.78,66,458,227,2,209.664,75,108
1.0,109.0,4,2020.0,306.5472,1175.904,6233.76,1986.4923,269.64783,262.33368,295.95593,5.7614800000000015,150,50,189.78,66,458,227,2,209.664,75,109
1.0,110.0,4,2020.0,281.1456,1137.024,6032.448,1986.4923,269.64783,213.58754,302.6106,3.4837300000000004,150,50,189.78,66,458,227,2,209.664,75,110
1.0,111.0,4,2020.0,258.5952,1101.6,5842.368,1986.4923,269.64783,224.31706,277.4217,5.6344400000000014,150,50,189.78,66,458,227,2,209.664,75,111
1.0,112.0,4,2020.0,237.9456,1067.04,5660.928000000001,1986.4923,269.64783,233.14542000000003,286.52182,5.2747,150,50,189.78,66,458,227,2,209.664,75,112
1.0,113.0,4,2020.0,219.024,1033.344,5488.1280000000015,1986.4923,269.64783,61.52421,337.1836,5.34536,150,50,189.78,66,458,227,2,209.664,75,113
1.0,114.0,4,2020.0,201.8304,1001.376,5323.104,1986.4923,269.64783,74.3824,339.17422,5.21546,150,50,189.78,66,458,227,2,209.664,75,114
1.0,115.0,4,2020.0,185.9328,970.272,5163.264,1986.4923,269.64783,232.69743,307.12936,1.72592,150,50,189.78,66,458,227,2,209.664,75,115
1.0,116.0,4,2020.0,171.5904,940.032,5011.2,1986.4923,269.64783,64.01432,360.9637,2.36519,150,50,189.78,66,458,227,2,209.664,75,116
1.0,117.0,4,2020.0,158.3712,911.52,4863.456,1986.4923,269.64783,247.26553,318.4183700000001,1.49625,150,50,189.78,66,458,227,2,209.664,75,117
1.0,118.0,4,2020.0,146.1888,883.008,4721.76,1986.4923,269.64783,283.75256,296.78152,2.69164,150,50,189.78,66,458,227,2,209.664,75,118
1.0,119.0,4,2020.0,134.9568,856.2239999999998,4584.384,1986.4923,269.64783,287.5276,292.65094,3.96243,150,50,189.78,66,458,227,2,209.664,75,119
1.0,120.0,4,2020.0,124.5888,830.0448,4450.723,1986.4923,269.64783,269.1165,312.1833200000001,4.95779,150,50,189.78,66,458,227,2,209.664,75,120
1.0,121.0,4,2020.0,115.1712,804.7296,4322.2466,1986.4923,269.64783,234.05745,301.75528,7.23292,150,50,189.78,66,458,227,2,209.664,75,121
1.0,122.0,5,2020.0,106.5312,780.2784,4198.9536,2073.0408,269.64783,278.09058,271.5126,6.599589999999999,150,50,189.78,66,458,227,2,200.928,75,122
1.0,123.0,5,2020.0,98.5824,756.6912,4078.2527,2073.0408,269.64783,248.07986,286.34222,5.04275,150,50,189.78,66,458,227,2,200.928,75,123
1.0,124.0,5,2020.0,91.2384,733.7952,3962.9087,2073.0408,269.64783,299.66287,268.80466,4.04073,150,50,189.78,66,458,227,2,200.928,75,124
1.0,125.0,5,2020.0,84.55104,711.6768,3850.2432,2073.0408,269.64783,252.72914,290.8779600000001,4.8185699999999985,150,50,189.78,66,458,227,2,200.928,75,125
1.0,126.0,5,2020.0,78.38208,690.336,3741.984,2073.0408,269.64783,279.12262000000004,284.46564,4.78977,150,50,189.78,66,458,227,2,200.928,75,126
1.0,127.0,5,2020.0,72.72288,669.6,3637.44,2073.0408,269.64783,250.58797,291.4008,5.49355,150,50,189.78,66,458,227,2,200.928,75,127
1.0,128.0,5,2020.0,67.5216,649.4688,3535.7473,2073.0408,269.64783,314.42334,267.3534,5.18267,150,50,189.78,66,458,227,2,200.928,75,128
1.0,129.0,5,2020.0,62.74368000000001,630.0288,3437.683,2073.0408,269.64783,316.75818,267.52036,4.1804,150,50,189.78,66,458,227,2,200.928,75,129
1.0,130.0,5,2020.0,58.34591999999999,611.1936,3342.4705,2073.0408,269.64783,307.853,268.08676,3.3382300000000003,150,50,189.78,66,458,227,2,200.928,75,130
1.0,131.0,5,2020.0,54.29376,592.9632,3250.109000000001,2073.0408,269.64783,317.511,277.20667000000003,2.77628,150,50,189.78,66,458,227,2,200.928,75,131
1.0,132.0,5,2020.0,64.91232,592.4448,3171.1392,2073.0408,269.64783,232.74234,297.69482,4.2581,150,50,189.78,66,458,227,2,200.928,75,132
1.0,133.0,5,2020.0,68.92128000000001,583.5456,3107.4624,2073.0408,269.64783,268.59457000000003,284.4047,4.3257,150,50,189.78,66,458,227,2,200.928,75,133
1.0,134.0,5,2020.0,79.7904,581.5584,3056.7456,2073.0408,269.64783,149.48428,320.2691700000001,4.67557,150,50,189.78,66,458,227,2,200.928,75,134
1.0,135.0,5,2020.0,190.5984,767.664,3099.6,2073.0408,269.64783,25.92428,341.1368,3.49615,150,50,189.78,66,458,227,2,200.928,75,135
1.0,136.0,5,2020.0,281.8368,844.128,3368.736,2073.0408,269.64783,120.04351,353.37253,4.10883,150,50,189.78,66,458,227,2,200.928,75,136
1.0,137.0,5,2020.0,393.2928,934.848,3806.784,2073.0408,269.64783,121.15032,341.3865,3.00254,150,50,189.78,66,458,227,2,200.928,75,137
1.0,138.0,5,2020.0,703.0368,1309.8239999999996,5249.664000000002,2073.0408,269.64783,91.05978,350.4249,5.34654,150,50,189.78,66,458,227,2,200.928,75,138
1.0,139.0,5,2020.0,725.328,1294.272,5581.44,2073.0408,269.64783,231.71793,301.89938,5.83125,150,50,189.78,66,458,227,2,200.928,75,139
1.0,140.0,5,2020.0,646.7040000000002,1181.952,5980.608,2073.0408,269.64783,258.29965,303.26453,3.1386,150,50,189.78,66,458,227,2,200.928,75,140
1.0,141.0,5,2020.0,605.232,1118.88,5974.56,2073.0408,269.64783,145.64209,340.9219700000001,4.9131,150,50,189.78,66,458,227,2,200.928,75,141
1.0,142.0,5,2020.0,1159.488,1850.688,7641.2159999999985,2073.0408,269.64783,77.80171,368.07153,3.18038,150,50,189.78,66,458,227,2,200.928,75,142
1.0,143.0,5,2020.0,1489.536,1947.456,8913.024,2073.0408,269.64783,137.57407,342.2798200000001,5.37622,150,50,189.78,66,458,227,2,200.928,75,143
1.0,144.0,5,2020.0,1207.872,1708.9920000000004,9091.008,2073.0408,269.64783,270.11884,323.54678,5.33445,150,50,189.78,66,458,227,2,200.928,75,144
1.0,145.0,5,2020.0,947.808,1485.216,8468.064,2073.0408,269.64783,299.68817,312.14914,4.47358,150,50,189.78,66,458,227,2,200.928,75,145
1.0,146.0,5,2020.0,754.0128,1302.912,7665.408,2073.0408,269.64783,317.84796,317.84796,4.904015,150,50,189.78,66,458,227,2,200.928,75,146
1.0,147.0,5,2020.0,611.5392,1156.032,6906.816,2073.0408,269.64783,329.64536,313.0148,4.28626,150,50,189.78,66,458,227,2,200.928,75,147
1.0,148.0,5,2020.0,505.44,1035.072,6245.856,2073.0408,269.64783,323.98355,347.3174,5.1022,150,50,189.78,66,458,227,2,200.928,75,148
1.0,149.0,5,2020.0,424.7424,936.576,5679.071999999999,2073.0408,269.64783,324.32513,352.13385,4.53445,150,50,189.78,66,458,227,2,200.928,75,149
1.0,150.0,5,2020.0,362.3616,854.928,5197.392,2073.0408,269.64783,319.37564,340.84335,3.18062,150,50,189.78,66,458,227,2,200.928,75,150
1.0,151.0,5,2020.0,313.2,786.5856,4786.2144,2073.0408,269.64783,329.49826,359.23093,4.67715,150,50,189.78,66,458,227,2,200.928,75,151
1.0,152.0,5,2020.0,323.4816,772.7616,4473.4463,2073.0408,269.64783,253.85387000000003,333.35547,5.23744,150,50,189.78,66,458,227,2,200.928,75,152
1.0,153.0,6,2020.0,475.2,877.824,4364.928,2089.5261,274.9874,254.27246,338.7436,4.0602800000000006,150,50,189.78,66,458,227,2,258.336,75,153
1.0,154.0,6,2020.0,506.9952,889.056,4408.128,2089.5261,274.9874,204.29659,325.6601,4.03609,150,50,189.78,66,458,227,2,258.336,75,154
1.0,155.0,6,2020.0,452.9088,839.808,4421.952,2089.5261,274.9874,318.9054,302.9994200000001,4.34116,150,50,189.78,66,458,227,2,258.336,75,155
1.0,156.0,6,2020.0,624.1536,908.064,4474.656,2089.5261,274.9874,157.15053999999995,336.43906,5.67586,150,50,189.78,66,458,227,2,258.336,75,156
1.0,157.0,6,2020.0,692.1504,937.44,4597.344,2089.5261,274.9874,72.18138,359.38086,4.7646,150,50,189.78,66,458,227,2,258.336,75,157
1.0,158.0,6,2020.0,605.5776,895.1039999999998,4660.416,2089.5261,274.9874,320.6272600000001,306.5528,4.3305099999999985,150,50,189.78,66,458,227,2,258.336,75,158
1.0,159.0,6,2020.0,508.464,835.92,4598.64,2089.5261,274.9874,156.38216,323.253,4.6605,150,50,189.78,66,458,227,2,258.336,75,159
1.0,160.0,6,2020.0,428.544,778.9824,4444.7617,2089.5261,274.9874,308.18903,305.97842,4.08725,150,50,189.78,66,458,227,2,258.336,75,160
1.0,161.0,6,2020.0,626.3136,850.6944,4370.4575,2089.5261,274.9874,48.56155,351.8605,3.50036,150,50,189.78,66,458,227,2,258.336,75,161
1.0,162.0,6,2020.0,595.0368,846.1152,4364.669,2089.5261,274.9874,74.33024,351.86237,4.4648,150,50,189.78,66,458,227,2,258.336,75,162
1.0,163.0,6,2020.0,513.5616,806.9760000000001,4330.368,2089.5261,274.9874,116.37469,359.3507,2.96254,150,50,189.78,66,458,227,2,258.336,75,163
1.0,164.0,6,2020.0,438.048,761.4432,4233.3409999999985,2089.5261,274.9874,162.13183999999995,357.27213,3.49985,150,50,189.78,66,458,227,2,258.336,75,164
1.0,165.0,6,2020.0,376.8768,718.5024,4089.6577,2089.5261,274.9874,210.05502,341.06628,2.82301,150,50,189.78,66,458,227,2,258.336,75,165
1.0,166.0,6,2020.0,328.32,680.0544,3923.3376,2089.5261,274.9874,341.8737799999999,308.32666,1.80709,150,50,189.78,66,458,227,2,258.336,75,166
1.0,167.0,6,2020.0,289.3536,645.84,3751.056,2089.5261,274.9874,347.85217,301.32074,3.26268,150,50,189.78,66,458,227,2,258.336,75,167
1.0,168.0,6,2020.0,257.6448,615.4272,3582.7488,2089.5261,274.9874,352.74823,300.4946,3.98742,150,50,189.78,66,458,227,2,258.336,75,168
1.0,169.0,6,2020.0,231.2928,588.0384,3424.3777,2089.5261,274.9874,349.15723,306.4113200000001,5.31858,150,50,189.78,66,458,227,2,258.336,75,169
1.0,170.0,6,2020.0,209.0016,563.328,3277.152,2089.5261,274.9874,312.41992,322.86038,4.87079,150,50,189.78,66,458,227,2,258.336,75,170
1.0,171.0,6,2020.0,189.8208,540.7776,3141.5903,2089.5261,274.9874,334.0472,322.80988,3.05221,150,50,189.78,66,458,227,2,258.336,75,171
1.0,172.0,6,2020.0,173.4048,520.56,3016.656,2089.5261,274.9874,292.61127,349.46954,2.27267,150,50,189.78,66,458,227,2,258.336,75,172
1.0,173.0,6,2020.0,158.7168,501.552,2901.744,2089.5261,274.9874,317.10913,346.86176,2.24057,150,50,189.78,66,458,227,2,258.336,75,173
1.0,174.0,6,2020.0,258.5088,541.7280000000002,2826.144,2089.5261,274.9874,232.08705,348.98807,3.6577,150,50,189.78,66,458,227,2,258.336,75,174
1.0,175.0,6,2020.0,284.1696,557.9712,2797.8047,2089.5261,274.9874,281.20435,346.6377,3.60621,150,50,189.78,66,458,227,2,258.336,75,175
1.0,176.0,6,2020.0,269.0496,552.0096,2795.1265,2089.5261,274.9874,145.03117,348.45316,3.694,150,50,189.78,66,458,227,2,258.336,75,176
1.0,177.0,6,2020.0,319.8528,571.104,2811.456,2089.5261,274.9874,198.97571,340.62482,3.29828,150,50,189.78,66,458,227,2,258.336,75,177
1.0,178.0,6,2020.0,328.32,578.9664,2843.3376,2089.5261,274.9874,218.43262,338.95483,4.77811,150,50,189.78,66,458,227,2,258.336,75,178
1.0,179.0,6,2020.0,324.1728,579.4848,2879.1072,2089.5261,274.9874,260.7673,330.2170700000001,4.47746,150,50,189.78,66,458,227,2,258.336,75,179
1.0,180.0,6,2020.0,292.5504,564.192,2902.176,2089.5261,274.9874,139.26959,376.22064,3.25281,150,50,189.78,66,458,227,2,258.336,75,180
1.0,181.0,6,2020.0,257.472,541.9008,2897.683,2089.5261,274.9874,262.1291,359.59753,3.89207,150,50,189.78,66,458,227,2,258.336,75,181
1.0,182.0,6,2020.0,225.936,518.1408,2863.5552,2089.5261,274.9874,325.4093299999999,352.73547,4.15327,150,50,189.78,66,458,227,2,258.336,75,182
1.0,183.0,7,2020.0,199.584,495.5904,2804.8896,2149.286,282.99673,287.06155,360.0431200000001,4.05843,150,50,189.78,66,458,227,2,247.728,75,183
1.0,184.0,7,2020.0,177.7248,474.6816,2731.6223,2149.286,282.99673,280.86063,349.20755,3.82989,150,50,189.78,66,458,227,2,247.728,75,184
1.0,185.0,7,2020.0,159.2352,455.2416,2648.2463,2149.286,282.99673,346.27225,305.85526,3.12763,150,50,189.78,66,458,227,2,247.728,75,185
1.0,186.0,7,2020.0,143.5968,437.2704,2562.5376,2149.286,282.99673,345.05756,300.82294,4.0703,150,50,189.78,66,458,227,2,247.728,75,186
1.0,187.0,7,2020.0,130.1184,420.6816,2475.4463,2149.286,282.99673,310.86505,313.9759200000001,2.9772,150,50,189.78,66,458,227,2,247.728,75,187
1.0,188.0,7,2020.0,118.4544,405.216,2391.552,2149.286,282.99673,316.62042,334.1996,2.93128,150,50,189.78,66,458,227,2,247.728,75,188
1.0,189.0,7,2020.0,108.2592,390.8736,2309.9905,2149.286,282.99673,98.1892,389.81006,5.10915,150,50,189.78,66,458,227,2,247.728,75,189
1.0,190.0,7,2020.0,99.2736,377.3952,2232.7488,2149.286,282.99673,223.1815,348.28897,5.66669,150,50,189.78,66,458,227,2,247.728,75,190
1.0,191.0,7,2020.0,91.2384,364.6944,2159.9136,2149.286,282.99673,308.2608,308.9301,6.24153,150,50,189.78,66,458,227,2,247.728,75,191
1.0,192.0,7,2020.0,84.08448,352.6848,2089.8433,2149.286,282.99673,319.7093799999999,314.69684,3.34027,150,50,189.78,66,458,227,2,247.728,75,192
1.0,193.0,7,2020.0,78.35616,342.4896,2024.0063,2149.286,282.99673,36.28344,374.30753,4.25724,150,50,189.78,66,458,227,2,247.728,75,193
1.0,194.0,7,2020.0,114.5664,387.6768,1966.7231,2149.286,282.99673,104.50244,382.65985,5.7374800000000015,150,50,189.78,66,458,227,2,247.728,75,194
1.0,195.0,7,2020.0,193.104,464.7456,1948.4064,2149.286,282.99673,101.49808,370.74744,5.44271,150,50,189.78,66,458,227,2,247.728,75,195
1.0,196.0,7,2020.0,218.6784,494.1216,1999.3824,2149.286,282.99673,201.36977,333.9007299999999,5.01965,150,50,189.78,66,458,227,2,247.728,75,196
1.0,197.0,7,2020.0,457.3152,592.9632,2337.0337,2149.286,282.99673,211.09644,318.13324,3.67667,150,50,189.78,66,458,227,2,247.728,75,197
1.0,198.0,7,2020.0,483.9264,620.352,2584.1377,2149.286,282.99673,298.30045,313.11194,2.84431,150,50,189.78,66,458,227,2,247.728,75,198
1.0,199.0,7,2020.0,425.0016,600.048,2633.213,2149.286,282.99673,292.5622,329.6302,1.81238,150,50,189.78,66,458,227,2,247.728,75,199
1.0,200.0,7,2020.0,357.696,563.1552,2724.3647,2149.286,282.99673,199.72304,358.0681,3.5247900000000003,150,50,189.78,66,458,227,2,247.728,75,200
1.0,201.0,7,2020.0,300.672,524.448,2795.9040000000005,2149.286,282.99673,324.16315,321.34912,4.45947,150,50,189.78,66,458,227,2,247.728,75,201
1.0,202.0,7,2020.0,255.3984,488.9376,2789.9424,2149.286,282.99673,304.66016,336.1950700000001,3.38736,150,50,189.78,66,458,227,2,247.728,75,202
1.0,203.0,7,2020.0,219.8016,457.5744,2729.7217,2149.286,282.99673,316.39917,346.4951200000001,2.69286,150,50,189.78,66,458,227,2,247.728,75,203
1.0,204.0,7,2020.0,191.808,430.4448,2639.3472,2149.286,282.99673,305.1296700000001,354.50394,3.75321,150,50,189.78,66,458,227,2,247.728,75,204
1.0,205.0,7,2020.0,169.1712,406.512,2535.408,2149.286,282.99673,316.68564,338.1985200000001,4.09952,150,50,189.78,66,458,227,2,247.728,75,205
1.0,206.0,7,2020.0,150.5088,385.344,2426.112,2149.286,282.99673,299.5517,353.3045,2.57478,150,50,189.78,66,458,227,2,247.728,75,206
1.0,207.0,7,2020.0,134.9568,366.5952,2319.5808,2149.286,282.99673,286.51654,363.3607,2.19984,150,50,189.78,66,458,227,2,247.728,75,207
1.0,208.0,7,2020.0,121.7376,349.7472,2217.1968,2149.286,282.99673,308.54114,360.52917,3.0235,150,50,189.78,66,458,227,2,247.728,75,208
1.0,209.0,7,2020.0,110.5056,334.5408,2120.9473,2149.286,282.99673,251.76459,361.36044,4.09645,150,50,189.78,66,458,227,2,247.728,75,209
1.0,210.0,7,2020.0,100.656,320.7168,2031.9552,2149.286,282.99673,266.29477,348.32123,4.92952,150,50,189.78,66,458,227,2,247.728,75,210
1.0,211.0,7,2020.0,92.1888,308.2752,1948.4928,2149.286,282.99673,256.64474,365.11893,3.75659,150,50,189.78,66,458,227,2,247.728,75,211
1.0,212.0,7,2020.0,84.57696,296.6976,1871.9424,2149.286,282.99673,291.30563,356.9342,3.36687,150,50,189.78,66,458,227,2,247.728,75,212
1.0,213.0,7,2020.0,77.81184,285.9840000000001,1801.44,2149.286,282.99673,282.04373,350.69907,4.82404,150,50,189.78,66,458,227,2,247.728,75,213
1.0,214.0,8,2020.0,71.73791999999997,275.9616,1735.4304,2176.0747,266.97806,296.11063,338.03323,2.24294,150,50,189.78,66,458,227,2,212.784,75,214
1.0,215.0,8,2020.0,66.2688,266.54400000000004,1674.0,2176.0747,266.97806,252.57845,348.2659,4.51408,150,50,189.78,66,458,227,2,212.784,75,215
1.0,216.0,8,2020.0,61.31808,257.6448,1617.2352,2176.0747,266.97806,284.92245,335.87985,3.61831,150,50,189.78,66,458,227,2,212.784,75,216
1.0,217.0,8,2020.0,56.99808,249.5232,1564.0128,2176.0747,266.97806,282.0514,315.98795,5.10044,150,50,189.78,66,458,227,2,212.784,75,217
1.0,218.0,8,2020.0,65.37888000000001,250.4736,1515.5424,2176.0747,266.97806,208.19576,324.14227,5.0351599999999985,150,50,189.78,66,458,227,2,212.784,75,218
1.0,219.0,8,2020.0,67.92768000000001,249.264,1473.552,2176.0747,266.97806,320.0651200000001,320.0651200000001,5.0678,150,50,189.78,66,458,227,2,212.784,75,219
1.0,220.0,8,2020.0,68.27328,247.6224,1435.4496,2176.0747,266.97806,223.82686,317.1359,4.16528,150,50,189.78,66,458,227,2,212.784,75,220
1.0,221.0,8,2020.0,131.8464,289.1808,1403.3951,2176.0747,266.97806,126.02869,326.1671,2.75922,150,50,189.78,66,458,227,2,212.784,75,221
1.0,222.0,8,2020.0,163.8144,318.0384,1390.0896,2176.0747,266.97806,257.18338,318.7399,2.28547,150,50,189.78,66,458,227,2,212.784,75,222
1.0,223.0,8,2020.0,166.9248,329.184,1399.68,2176.0747,266.97806,288.68765,310.1357700000001,1.80219,150,50,189.78,66,458,227,2,212.784,75,223
1.0,224.0,8,2020.0,156.384,326.0736,1426.1184,2176.0747,266.97806,124.88425,354.39377,2.2579,150,50,189.78,66,458,227,2,212.784,75,224
1.0,225.0,8,2020.0,140.7456,314.2368,1458.6912,2176.0747,266.97806,204.30238,344.8009600000001,3.82506,150,50,189.78,66,458,227,2,212.784,75,225
1.0,226.0,8,2020.0,124.848,298.7712,1486.2528,2176.0747,266.97806,163.60751000000005,342.051,2.56587,150,50,189.78,66,458,227,2,212.784,75,226
1.0,227.0,8,2020.0,110.4192,282.528,1504.224,2176.0747,266.97806,211.0882,349.4567600000001,2.04206,150,50,189.78,66,458,227,2,212.784,75,227
1.0,228.0,8,2020.0,98.496,267.7536,1508.6304,2176.0747,266.97806,54.6251,376.1564,2.16202,150,50,189.78,66,458,227,2,212.784,75,228
1.0,229.0,8,2020.0,108.5184,265.0752,1502.6688,2176.0747,266.97806,43.37995,377.70944,2.366,150,50,189.78,66,458,227,2,212.784,75,229
1.0,230.0,8,2020.0,107.9136,260.2368,1490.2272,2176.0747,266.97806,179.43042,341.28738,3.0358,150,50,189.78,66,458,227,2,212.784,75,230
1.0,231.0,8,2020.0,101.6928,253.152,1471.392,2176.0747,266.97806,265.0827,320.68225,3.3573800000000005,150,50,189.78,66,458,227,2,212.784,75,231
1.0,232.0,8,2020.0,93.744,244.7712,1448.6688,2176.0747,266.97806,114.66108,351.25235,1.82972,150,50,189.78,66,458,227,2,212.784,75,232
1.0,233.0,8,2020.0,105.3216,249.4368,1423.2672,2176.0747,266.97806,81.77497,357.83524,3.24359,150,50,189.78,66,458,227,2,212.784,75,233
1.0,234.0,8,2020.0,105.7536,249.264,1400.112,2176.0747,266.97806,245.6252,303.42807,5.43104,150,50,189.78,66,458,227,2,212.784,75,234
1.0,235.0,8,2020.0,110.8512,252.6336,1378.5984,2176.0747,266.97806,219.6658,316.20145,5.3999,150,50,189.78,66,458,227,2,212.784,75,235
1.0,236.0,8,2020.0,158.54399999999995,297.8208,1355.0112,2176.0747,266.97806,209.87112,315.7123,4.23463,150,50,189.78,66,458,227,2,212.784,75,236
1.0,237.0,8,2020.0,209.6064,347.2416,1417.392,2176.0747,266.97806,189.11732,329.17398,4.84359,150,50,189.78,66,458,227,2,212.784,75,237
1.0,238.0,8,2020.0,214.0992,366.2496,1548.0288,2176.0747,266.97806,221.66106,316.81146,4.78908,150,50,189.78,66,458,227,2,212.784,75,238
1.0,239.0,8,2020.0,295.056,455.6736,1804.032,2176.0747,266.97806,66.14825,339.8953,3.77612,150,50,189.78,66,458,227,2,212.784,75,239
1.0,240.0,8,2020.0,438.2208,578.448,2258.496,2176.0747,266.97806,108.825,358.84415,2.85427,150,50,189.78,66,458,227,2,212.784,75,240
1.0,241.0,8,2020.0,426.2112,597.888,2561.5007,2176.0747,266.97806,251.95317000000003,295.34628,4.44644,150,50,189.78,66,458,227,2,212.784,75,241
1.0,242.0,8,2020.0,365.9904,558.6624,2586.2112,2176.0747,266.97806,245.5169,297.06863,2.62779,150,50,189.78,66,458,227,2,212.784,75,242
1.0,243.0,8,2020.0,305.3376,504.6624,2456.525,2176.0747,266.97806,196.44894,329.57443,4.07027,150,50,189.78,66,458,227,2,212.784,75,243
1.0,244.0,9,2020.0,254.016,452.1312,2449.181,2176.0747,266.97806,221.91023,324.0823,2.94831,150,50,189.78,66,458,227,2,197.392,75,244
1.0,245.0,9,2020.0,212.7168,405.5616,2459.4624,2062.7373,264.3083,231.75844,316.07538,4.4452099999999986,150,50,189.78,66,458,227,2,197.392,75,245
1.0,246.0,9,2020.0,302.832,426.7296,2425.3345,2062.7373,264.3083,45.17036,347.94104,6.23217,150,50,189.78,66,458,227,2,197.392,75,246
1.0,247.0,9,2020.0,306.72,427.2480000000001,2383.344,2062.7373,264.3083,213.3205,296.4865,5.70298,150,50,189.78,66,458,227,2,197.392,75,247
1.0,248.0,9,2020.0,275.616,410.1408,2338.2432,2062.7373,264.3083,219.46692,292.76608,4.45184,150,50,189.78,66,458,227,2,197.392,75,248
1.0,249.0,9,2020.0,238.6368,384.3072,2284.5889,2062.7373,264.3083,160.44884,318.09094,2.9201200000000003,150,50,189.78,66,458,227,2,197.392,75,249
1.0,250.0,9,2020.0,205.1136,356.5728,2219.0112,2062.7373,264.3083,170.9495,336.1953,4.37133,150,50,189.78,66,458,227,2,197.392,75,250
1.0,251.0,9,2020.0,177.12,330.2208,2141.683,2062.7373,264.3083,166.81055,341.3536,5.28328,150,50,189.78,66,458,227,2,197.392,75,251
1.0,252.0,9,2020.0,154.224,306.3744,2055.8015,2062.7373,264.3083,214.52112,307.35193,2.64721,150,50,189.78,66,458,227,2,197.392,75,252
1.0,253.0,9,2020.0,135.4752,285.3792,1966.2048,2062.7373,264.3083,207.66637,328.38477,3.31112,150,50,189.78,66,458,227,2,197.392,75,253
1.0,254.0,9,2020.0,120.0096,266.976,1874.88,2062.7373,264.3083,206.74255,336.89377,1.63478,150,50,189.78,66,458,227,2,197.392,75,254
1.0,255.0,9,2020.0,107.136,250.8192,1786.4928,2062.7373,264.3083,195.75653,353.16995,1.8605,150,50,189.78,66,458,227,2,197.392,75,255
1.0,256.0,9,2020.0,96.4224,236.8224,1700.2656,2062.7373,264.3083,118.35981,359.91324,2.86476,150,50,189.78,66,458,227,2,197.392,75,256
1.0,257.0,9,2020.0,104.0256,231.8976,1622.2465,2062.7373,264.3083,160.52983,321.5093700000001,6.20343,150,50,189.78,66,458,227,2,197.392,75,257
1.0,258.0,9,2020.0,102.9888,226.2816,1550.9664,2062.7373,264.3083,198.47018,291.20547,6.62591,150,50,189.78,66,458,227,2,197.392,75,258
1.0,259.0,9,2020.0,98.1504,220.4928,1485.9072,2062.7373,264.3083,173.44884,316.63467,5.6216,150,50,189.78,66,458,227,2,197.392,75,259
1.0,260.0,9,2020.0,91.3248,213.7536,1426.9824,2062.7373,264.3083,158.35806000000005,339.2692,6.58453,150,50,189.78,66,458,227,2,197.392,75,260
1.0,261.0,9,2020.0,106.5312,224.7264,1373.6736,2062.7373,264.3083,98.78331,361.05905,2.95583,150,50,189.78,66,458,227,2,197.392,75,261
1.0,262.0,9,2020.0,431.568,541.5552,1516.4064,2062.7373,264.3083,43.79372,365.20697,4.6066400000000005,150,50,189.78,66,458,227,2,197.392,75,262
1.0,263.0,9,2020.0,541.9872,751.3344,2508.3647,2062.7373,264.3083,185.37062,299.27805,3.53444,150,50,189.78,66,458,227,2,197.392,75,263
1.0,264.0,9,2020.0,535.248,767.8368,3098.304,2062.7373,264.3083,40.71327,365.03842,5.04162,150,50,189.78,66,458,227,2,197.392,75,264
1.0,265.0,9,2020.0,453.7728,695.1744,3092.0833,2062.7373,264.3083,57.25265,399.56067,4.89587,150,50,189.78,66,458,227,2,197.392,75,265
1.0,266.0,9,2020.0,371.8656,610.6752,2866.32,2062.7373,264.3083,158.53647,339.4071,3.22484,150,50,189.78,66,458,227,2,197.392,75,266
1.0,267.0,9,2020.0,304.56,534.9888,2940.0193,2062.7373,264.3083,164.73216000000005,326.59225,1.86072,150,50,189.78,66,458,227,2,197.392,75,267
1.0,268.0,9,2020.0,251.7696,471.312,2930.256,2062.7373,264.3083,170.15096,325.75162,2.64713,150,50,189.78,66,458,227,2,197.392,75,268
1.0,269.0,9,2020.0,210.5568,418.4352,2821.5647,2062.7373,264.3083,164.79944,340.37454,2.46963,150,50,189.78,66,458,227,2,197.392,75,269
1.0,270.0,9,2020.0,278.0352,456.5376,2694.4705,2062.7373,264.3083,121.0116,357.61932,2.49581,150,50,189.78,66,458,227,2,197.392,75,270
1.0,271.0,9,2020.0,277.9488,459.7344,2598.8257,2062.7373,264.3083,82.56622,360.09674,2.06935,150,50,189.78,66,458,227,2,197.392,75,271
1.0,272.0,9,2020.0,250.0416,436.9248,2522.2751,2062.7373,264.3083,51.86118,363.6438,4.82749,150,50,189.78,66,458,227,2,197.392,75,272
1.0,273.0,9,2020.0,277.5168,457.056,2456.3520000000008,2062.7373,264.3083,57.35381999999999,353.00787,4.85905,150,50,189.78,66,458,227,2,197.392,75,273
1.0,274.0,9,2020.0,294.8832,470.5344,2422.1377,2062.7373,264.3083,49.89923,374.97232,5.8804300000000005,150,50,189.78,66,458,227,2,197.392,75,274
1.0,275.0,10,2020.0,797.1264,1141.344,4192.992,2009.1598,261.6385,52.10054,361.99393,6.2754400000000015,150,50,189.78,66,458,227,2,179.50400000000005,75,275
1.0,276.0,10,2020.0,1232.064,1614.816,6576.768,2009.1598,261.6385,113.37511,293.28278,6.700260000000001,150,50,189.78,66,458,227,2,179.50400000000005,75,276
1.0,277.0,10,2020.0,1042.848,1440.2879999999998,6251.904,2009.1598,261.6385,155.29384,250.01193,3.62503,150,50,189.78,66,458,227,2,179.50400000000005,75,277
1.0,278.0,10,2020.0,819.4176,1212.192,6495.552,2009.1598,261.6385,147.06377,266.41263,2.38945,150,50,189.78,66,458,227,2,179.50400000000005,75,278
1.0,279.0,10,2020.0,644.8032,1022.112,6149.088000000002,2009.1598,261.6385,121.87105,290.5243200000001,5.3994800000000005,150,50,189.78,66,458,227,2,179.50400000000005,75,279
1.0,280.0,10,2020.0,514.7712,870.048,5578.848000000001,2009.1598,261.6385,58.13161,334.4837,5.95977,150,50,189.78,66,458,227,2,179.50400000000005,75,280
1.0,281.0,10,2020.0,585.9648,874.368,5135.616,2009.1598,261.6385,76.46335,360.77478,3.86874,150,50,189.78,66,458,227,2,179.50400000000005,75,281
1.0,282.0,10,2020.0,571.2768,824.4288,4820.9473,2009.1598,261.6385,113.59517,337.81122,5.51812,150,50,189.78,66,458,227,2,179.50400000000005,75,282
1.0,283.0,10,2020.0,487.1232,739.3248,4517.251,2009.1598,261.6385,132.38193,309.43448,4.401,150,50,189.78,66,458,227,2,179.50400000000005,75,283
1.0,284.0,10,2020.0,404.9568,654.9984,4195.4976,2009.1598,261.6385,131.41163999999998,309.8051,3.11487,150,50,189.78,66,458,227,2,179.50400000000005,75,284
1.0,285.0,10,2020.0,337.9968,581.7312,3869.5967,2009.1598,261.6385,89.71654000000002,342.58286,2.01751,150,50,189.78,66,458,227,2,179.50400000000005,75,285
1.0,286.0,10,2020.0,285.2064,520.0416,3558.0383,2009.1598,261.6385,71.13176,339.10098,3.08645,150,50,189.78,66,458,227,2,179.50400000000005,75,286
1.0,287.0,10,2020.0,246.672,471.312,3272.4,2009.1598,261.6385,100.64638,344.6393700000001,1.57954,150,50,189.78,66,458,227,2,179.50400000000005,75,287
1.0,288.0,10,2020.0,415.0656,614.2176,3087.1584,2009.1598,261.6385,32.45198,368.8352,1.92751,150,50,189.78,66,458,227,2,179.50400000000005,75,288
1.0,289.0,10,2020.0,429.9264,654.5664,3072.7295,2009.1598,261.6385,33.59197,359.2659,3.02393,150,50,189.78,66,458,227,2,179.50400000000005,75,289
1.0,290.0,10,2020.0,382.6656,621.3024,3118.0896,2009.1598,261.6385,41.68629,343.51544,2.41128,150,50,189.78,66,458,227,2,179.50400000000005,75,290
1.0,291.0,10,2020.0,653.184,923.616,3694.7231,2009.1598,261.6385,36.72376,358.26868,3.63541,150,50,189.78,66,458,227,2,179.50400000000005,75,291
1.0,292.0,10,2020.0,627.6096,942.624,4026.1536,2009.1598,261.6385,350.89206,350.89206,3.023345,150,50,189.78,66,458,227,2,179.50400000000005,75,292
1.0,293.0,10,2020.0,1390.1760000000004,1719.36,6961.248000000001,2009.1598,261.6385,23.29327,371.5578,5.706919999999998,150,50,189.78,66,458,227,2,179.50400000000005,75,293
1.0,294.0,10,2020.0,1213.92,1599.264,7066.656,2009.1598,261.6385,96.8463,304.4901,4.69061,150,50,189.78,66,458,227,2,179.50400000000005,75,294
1.0,295.0,10,2020.0,958.176,1361.664,7338.816,2009.1598,261.6385,77.61161,320.86926,4.04328,150,50,189.78,66,458,227,2,179.50400000000005,75,295
1.0,296.0,10,2020.0,757.7280000000002,1157.76,6867.936,2009.1598,261.6385,78.31594,317.437,5.330019999999998,150,50,189.78,66,458,227,2,179.50400000000005,75,296
1.0,297.0,10,2020.0,815.7024,1092.096,6362.496,2009.1598,261.6385,89.91449,322.47806,5.07598,150,50,189.78,66,458,227,2,179.50400000000005,75,297
1.0,298.0,10,2020.0,695.2608,975.456,5867.424,2009.1598,261.6385,99.14931,290.5667,5.2171699999999985,150,50,189.78,66,458,227,2,179.50400000000005,75,298
1.0,299.0,10,2020.0,572.4864,862.3584,5367.946,2009.1598,261.6385,78.87782,292.99033,3.21293,150,50,189.78,66,458,227,2,179.50400000000005,75,299
1.0,300.0,10,2020.0,474.9408,766.2816,4892.054,2009.1598,261.6385,36.94692,320.18784,1.97135,150,50,189.78,66,458,227,2,179.50400000000005,75,300
1.0,301.0,10,2020.0,399.6864,686.448,4458.672000000001,2009.1598,261.6385,19.69083,354.30548,2.67203,150,50,189.78,66,458,227,2,179.50400000000005,75,301
1.0,302.0,10,2020.0,341.5392,620.4384,4075.4016,2009.1598,261.6385,38.10208,346.31445,2.75761,150,50,189.78,66,458,227,2,179.50400000000005,75,302
1.0,303.0,10,2020.0,295.3152,564.9696,3739.4785,2009.1598,261.6385,63.24915,305.69342,4.49563,150,50,189.78,66,458,227,2,179.50400000000005,75,303
1.0,304.0,10,2020.0,258.1632,518.1408,3446.7551,2009.1598,261.6385,84.69484,263.7039,3.53974,150,50,189.78,66,458,227,2,179.50400000000005,75,304
1.0,305.0,11,2020.0,227.9232,478.4832,3190.9248,2009.1598,261.6385,75.69345,272.21188,3.30053,150,50,189.78,66,458,227,2,183.248,75,305
1.0,306.0,11,2020.0,204.8544,447.0336,2968.3584,2040.07,261.6385,49.17898,300.7765,2.56516,150,50,189.78,66,458,227,2,183.248,75,306
1.0,307.0,11,2020.0,184.3776,418.9536,2774.3904,2040.07,261.6385,65.68562,303.73743,1.82694,150,50,189.78,66,458,227,2,183.248,75,307
1.0,308.0,11,2020.0,513.7344,562.7232,2664.317,2040.07,261.6385,5.7321,339.32016,4.66164,150,50,189.78,66,458,227,2,183.248,75,308
1.0,309.0,11,2020.0,575.2512,634.8672,2698.4448,2040.07,261.6385,81.4145,261.90225,3.21831,150,50,189.78,66,458,227,2,183.248,75,309
1.0,310.0,11,2020.0,511.2288,632.6208,2825.1072,2040.07,261.6385,55.85452,290.67758,3.61927,150,50,189.78,66,458,227,2,183.248,75,310
1.0,311.0,11,2020.0,432.5184,598.8384,2940.1057,2040.07,261.6385,48.76994000000001,312.30505,4.37067,150,50,189.78,66,458,227,2,183.248,75,311
1.0,312.0,11,2020.0,365.5584,558.3168,2987.5393,2040.07,261.6385,39.99562,321.4617,5.8093900000000005,150,50,189.78,66,458,227,2,183.248,75,312
1.0,313.0,11,2020.0,312.2496,519.696,2965.68,2040.07,261.6385,66.10344,275.28882000000004,4.5991,150,50,189.78,66,458,227,2,183.248,75,313
1.0,314.0,11,2020.0,270.2592,485.3952,2892.8447,2040.07,261.6385,56.71301,301.91785,5.10631,150,50,189.78,66,458,227,2,183.248,75,314
1.0,315.0,11,2020.0,236.9088,455.4144,2789.7695,2040.07,261.6385,34.6048,325.92282,5.11566,150,50,189.78,66,458,227,2,183.248,75,315
1.0,316.0,11,2020.0,209.8656,429.3216,2673.3025,2040.07,261.6385,24.66315,339.55966,4.30344,150,50,189.78,66,458,227,2,183.248,75,316
1.0,317.0,11,2020.0,187.488,406.3392,2553.7249,2040.07,261.6385,40.72476,317.4181,4.52686,150,50,189.78,66,458,227,2,183.248,75,317
1.0,318.0,11,2020.0,168.6528,386.0352,2436.6528,2040.07,261.6385,58.05633,276.66492,4.56141,150,50,189.78,66,458,227,2,183.248,75,318
1.0,319.0,11,2020.0,152.8416,368.1504,2325.8015,2040.07,261.6385,17.473760000000002,320.5303600000001,1.64582,150,50,189.78,66,458,227,2,183.248,75,319
1.0,320.0,11,2020.0,139.7088,352.7712,2222.8127,2040.07,261.6385,10.69445,326.98862,2.2531,150,50,189.78,66,458,227,2,183.248,75,320
1.0,321.0,11,2020.0,129.0816,339.8976,2127.6863,2040.07,261.6385,27.615240000000004,312.5397,1.85377,150,50,189.78,66,458,227,2,183.248,75,321
1.0,322.0,11,2020.0,120.0096,328.8384,2040.2496,2040.07,261.6385,30.65793,304.5861,3.20212,150,50,189.78,66,458,227,2,183.248,75,322
1.0,323.0,11,2020.0,110.8512,317.4336,1961.7983,2040.07,261.6385,60.625,256.90707000000003,4.74845,150,50,189.78,66,458,227,2,183.248,75,323
1.0,324.0,11,2020.0,102.4704,306.4608,1889.8271,2040.07,261.6385,10.95422,341.65198,3.34654,150,50,189.78,66,458,227,2,183.248,75,324
1.0,325.0,11,2020.0,94.608,295.7472,1823.6448,2040.07,261.6385,39.18692,325.86398,3.77735,150,50,189.78,66,458,227,2,183.248,75,325
1.0,326.0,11,2020.0,185.5008,401.9328,1757.2032,2040.07,261.6385,20.15161,360.42053,3.37232,150,50,189.78,66,458,227,2,183.248,75,326
1.0,327.0,11,2020.0,323.9136,547.8624,1948.8384,2040.07,261.6385,28.09875,343.5991,4.00689,150,50,189.78,66,458,227,2,183.248,75,327
1.0,328.0,11,2020.0,346.7232,593.568,2332.7136,2040.07,261.6385,53.15856,298.87048,4.23203,150,50,189.78,66,458,227,2,183.248,75,328
1.0,329.0,11,2020.0,327.2832,577.1519999999998,2482.704,2040.07,261.6385,12.94382,339.78287,4.67546,150,50,189.78,66,458,227,2,183.248,75,329
1.0,330.0,11,2020.0,353.8944,597.9744,2612.304,2040.07,261.6385,9.23614,352.84393,7.62787,150,50,189.78,66,458,227,2,183.248,75,330
1.0,331.0,11,2020.0,428.1984,657.072,2844.2017,2040.07,261.6385,49.17501,310.9707,7.956060000000001,150,50,189.78,66,458,227,2,183.248,75,331
1.0,332.0,11,2020.0,395.1936,638.4096,2887.4016,2040.07,261.6385,47.90516,284.86002,2.28181,150,50,189.78,66,458,227,2,183.248,75,332
1.0,333.0,11,2020.0,1060.992,1221.696,4821.12,2040.07,261.6385,3.77903,363.53537,7.44897,150,50,189.78,66,458,227,2,183.248,75,333
1.0,334.0,11,2020.0,1108.512,1304.64,5534.7840000000015,2040.07,261.6385,29.80151,341.89587,7.91827,150,50,189.78,66,458,227,2,183.248,75,334
1.0,335.0,11,2020.0,953.856,1188.864,5577.12,2040.07,261.6385,24.09368,303.3584600000001,8.70958,150,50,189.78,66,458,227,2,183.248,75,335
1.0,336.0,12,2020.0,763.3439999999998,1040.256,5711.904,2101.8904,256.29892,47.92259,254.70454,3.98174,150,50,189.78,66,458,227,2,190.32,75,336
1.0,337.0,12,2020.0,613.44,909.792,5442.335999999998,2101.8904,256.29892,47.46058,241.15134,6.29709,150,50,189.78,66,458,227,2,190.32,75,337
1.0,338.0,12,2020.0,501.2064,802.7424,5031.8496,2101.8904,256.29892,41.79827,255.33545,3.55544,150,50,189.78,66,458,227,2,190.32,75,338
1.0,339.0,12,2020.0,473.6448,741.8304,4634.8420000000015,2101.8904,256.29892,16.56863,345.2933,4.30007,150,50,189.78,66,458,227,2,190.32,75,339
1.0,340.0,12,2020.0,412.8192,677.9808,4277.9233,2101.8904,256.29892,25.08778,338.13702,7.65687,150,50,189.78,66,458,227,2,190.32,75,340
1.0,341.0,12,2020.0,817.6896,957.312,4239.648,2101.8904,256.29892,7.44223,345.19107,8.94382,150,50,189.78,66,458,227,2,190.32,75,341
1.0,342.0,12,2020.0,786.4992,984.96,4510.944,2101.8904,256.29892,18.57083,304.96103,5.76415,150,50,189.78,66,458,227,2,190.32,75,342
1.0,343.0,12,2020.0,659.7504,906.336,4675.968,2101.8904,256.29892,40.86475,270.95776,3.09292,150,50,189.78,66,458,227,2,190.32,75,343
1.0,344.0,12,2020.0,544.9248,815.3568,4618.3394,2101.8904,256.29892,18.84027,297.12177,1.85792,150,50,189.78,66,458,227,2,190.32,75,344
1.0,345.0,12,2020.0,588.384,837.216,4510.08,2101.8904,256.29892,40.48449,276.36868,3.26709,150,50,189.78,66,458,227,2,190.32,75,345
1.0,346.0,12,2020.0,1302.048,1334.016,5470.848000000001,2101.8904,256.29892,1.72803,356.08008,4.30172,150,50,189.78,66,458,227,2,190.32,75,346
1.0,347.0,12,2020.0,1471.392,1467.936,6254.496,2101.8904,256.29892,4.74445,369.3279,6.19895,150,50,189.78,66,458,227,2,190.32,75,347
1.0,348.0,12,2020.0,1580.256,1525.8239999999996,7166.016,2101.8904,256.29892,9.28963,362.17526,6.54276,150,50,189.78,66,458,227,2,190.32,75,348
1.0,349.0,12,2020.0,2891.808,2235.168,9558.432,2101.8904,256.29892,1.97902,344.0349700000001,6.5214,150,50,189.78,66,458,227,2,190.32,75,349
1.0,350.0,12,2020.0,2273.184,2057.184,10565.856000000002,2101.8904,256.29892,40.31187,250.46284,4.5929400000000005,150,50,189.78,66,458,227,2,190.32,75,350
1.0,351.0,12,2020.0,1778.112,1831.68,10160.64,2101.8904,256.29892,26.98547,285.54373,2.95468,150,50,189.78,66,458,227,2,190.32,75,351
1.0,352.0,12,2020.0,1434.24,1646.784,9360.576,2101.8904,256.29892,12.01072,317.2877,5.69423,150,50,189.78,66,458,227,2,190.32,75,352
1.0,353.0,12,2020.0,1711.5839999999996,1749.6,9197.28,2101.8904,256.29892,25.69924,308.22958,3.91614,150,50,189.78,66,458,227,2,190.32,75,353
1.0,354.0,12,2020.0,1521.504,1665.792,8987.328000000001,2101.8904,256.29892,25.05144,307.03217,8.87386,150,50,189.78,66,458,227,2,190.32,75,354
1.0,355.0,12,2020.0,1269.216,1535.328,8530.271999999999,2101.8904,256.29892,36.77753,266.59937,3.83222,150,50,189.78,66,458,227,2,190.32,75,355
1.0,356.0,12,2020.0,1316.736,1533.6,8246.88,2101.8904,256.29892,23.33537,326.19318,6.44573,150,50,189.78,66,458,227,2,190.32,75,356
1.0,357.0,12,2020.0,2069.28,1910.304,9062.496,2101.8904,256.29892,11.24709,306.99707,6.2321300000000015,150,50,189.78,66,458,227,2,190.32,75,357
1.0,358.0,12,2020.0,2842.56,2376.0,11085.12,2101.8904,256.29892,4.45584,334.70135,9.40944,150,50,189.78,66,458,227,2,190.32,75,358
1.0,359.0,12,2020.0,2269.728,2208.384,11581.056,2101.8904,256.29892,35.8634,253.55254,7.882339999999999,150,50,189.78,66,458,227,2,190.32,75,359
1.0,360.0,12,2020.0,1826.496,2020.896,11060.063999999997,2101.8904,256.29892,37.23854,258.79706,7.346589999999999,150,50,189.78,66,458,227,2,190.32,75,360
1.0,361.0,12,2020.0,1511.136,1861.92,10303.2,2101.8904,256.29892,39.67291,243.76689,4.7228,150,50,189.78,66,458,227,2,190.32,75,361
1.0,362.0,12,2020.0,3067.2,2677.536,12494.303999999998,2101.8904,256.29892,36.38947,282.00247,4.09309,150,50,189.78,66,458,227,2,190.32,75,362
1.0,363.0,12,2020.0,2488.32,2503.008,13074.912,2101.8904,256.29892,11.10812,335.44095,6.81575,150,50,189.78,66,458,227,2,190.32,75,363
1.0,364.0,12,2020.0,2008.8,2294.784,12453.696000000002,2101.8904,256.29892,35.32265,280.51138,4.90917,150,50,189.78,66,458,227,2,190.32,75,364
1.0,365.0,12,2020.0,1665.792,2118.528,11601.792,2101.8904,256.29892,307.97617,307.97617,5.86246,150,50,189.78,66,458,227,2,190.32,75,365
1.0,1.0,1,2021.0,1414.368,1969.92,10791.36,2043.1044,264.96906,307.97617,307.97617,5.86246,150,50,189.78,66,458,227,2,205.088,60,366
1.0,2.0,1,2021.0,1224.288,1842.912,10071.648,2043.1044,264.96906,41.33846,252.81071,2.8229900000000003,150,50,189.78,66,458,227,2,205.088,60,367
1.0,3.0,1,2021.0,1074.816,1734.0479999999998,9454.752,2043.1044,264.96906,39.17758,239.56435,1.09474,150,50,189.78,66,458,227,2,205.088,60,368
1.0,4.0,1,2021.0,954.72,1639.872,8909.568000000001,2043.1044,264.96906,41.04688,242.77809,0.97528,150,50,189.78,66,458,227,2,205.088,60,369
1.0,5.0,1,2021.0,854.8416,1556.064,8440.416,2043.1044,264.96906,28.3302,281.4512,1.02787,150,50,189.78,66,458,227,2,205.088,60,370
1.0,6.0,1,2021.0,773.1936,1487.808,8024.8319999999985,2043.1044,264.96906,30.28065,286.59485,1.49139,150,50,189.78,66,458,227,2,205.088,60,371
1.0,7.0,1,2021.0,721.0944,1458.432,7725.888000000001,2043.1044,264.96906,25.42303,304.1717,2.88662,150,50,189.78,66,458,227,2,205.088,60,372
1.0,8.0,1,2021.0,660.096,1403.136,7461.504,2043.1044,264.96906,26.81496,290.47165,3.1012,150,50,189.78,66,458,227,2,205.088,60,373
1.0,9.0,1,2021.0,601.6032,1345.2479999999996,7186.752,2043.1044,264.96906,32.69989,271.47906,3.09193,150,50,189.78,66,458,227,2,205.088,60,374
1.0,10.0,1,2021.0,571.0176,1321.92,6965.568,2043.1044,264.96906,29.5275,283.88046,1.95743,150,50,189.78,66,458,227,2,205.088,60,375
1.0,11.0,1,2021.0,534.1248,1290.816,6783.264,2043.1044,264.96906,25.7345,302.8676,1.77342,150,50,189.78,66,458,227,2,205.088,60,376
1.0,12.0,1,2021.0,489.024,1241.568,6584.544,2043.1044,264.96906,25.19076,288.9255,1.97262,150,50,189.78,66,458,227,2,205.088,60,377
1.0,13.0,1,2021.0,443.1456,1187.136,6355.584,2043.1044,264.96906,48.87488,226.03755,1.04685,150,50,189.78,66,458,227,2,205.088,60,378
1.0,14.0,1,2021.0,418.0032,1167.264,6159.456,2043.1044,264.96906,42.02163,271.61917,3.4642699999999995,150,50,189.78,66,458,227,2,205.088,60,379
1.0,15.0,1,2021.0,384.3072,1124.928,5976.288000000001,2043.1044,264.96906,18.85248,352.53418,3.83491,150,50,189.78,66,458,227,2,205.088,60,380
1.0,16.0,1,2021.0,349.2288,1077.408,5776.7040000000015,2043.1044,264.96906,24.33037,349.2725,3.70693,150,50,189.78,66,458,227,2,205.088,60,381
1.0,17.0,1,2021.0,316.5696,1032.48,5565.888000000001,2043.1044,264.96906,43.01858,308.4874,2.37495,150,50,189.78,66,458,227,2,205.088,60,382
1.0,18.0,1,2021.0,287.1936,990.144,5356.8,2043.1044,264.96906,41.98511,269.82703,2.0824,150,50,189.78,66,458,227,2,205.088,60,383
1.0,19.0,1,2021.0,261.4464,952.992,5155.488,2043.1044,264.96906,17.597579999999994,308.71613,1.29999,150,50,189.78,66,458,227,2,205.088,60,384
1.0,20.0,1,2021.0,239.1552,918.432,4968.864000000001,2043.1044,264.96906,21.92366,318.89832,3.29687,150,50,189.78,66,458,227,2,205.088,60,385
1.0,21.0,1,2021.0,218.9376,886.4639999999998,4794.335999999998,2043.1044,264.96906,50.78559,284.1826200000001,2.91784,150,50,189.78,66,458,227,2,205.088,60,386
1.0,22.0,1,2021.0,200.5344,855.8784,4630.5215,2043.1044,264.96906,39.02314000000001,323.1332700000001,5.92769,150,50,189.78,66,458,227,2,205.088,60,387
1.0,23.0,1,2021.0,184.032,827.1072,4476.125,2043.1044,264.96906,16.54025,358.0627,5.19172,150,50,189.78,66,458,227,2,205.088,60,388
1.0,24.0,1,2021.0,168.9984,799.3728,4331.059,2043.1044,264.96906,37.01271,323.46515,5.18924,150,50,189.78,66,458,227,2,205.088,60,389
1.0,25.0,1,2021.0,155.1744,772.9344,4192.4736,2043.1044,264.96906,42.55672,311.89078,5.5402,150,50,189.78,66,458,227,2,205.088,60,390
1.0,26.0,1,2021.0,142.7328,747.7919999999998,4060.368,2043.1044,264.96906,57.34718,292.21936,2.79169,150,50,189.78,66,458,227,2,205.088,60,391
1.0,27.0,1,2021.0,131.4144,723.8592,3934.8289,2043.1044,264.96906,34.806940000000004,325.27368,5.3392800000000005,150,50,189.78,66,458,227,2,205.088,60,392
1.0,28.0,1,2021.0,121.1328,700.9632,3815.1648,2043.1044,264.96906,25.18177,345.20337,6.3241,150,50,189.78,66,458,227,2,205.088,60,393
1.0,29.0,1,2021.0,111.8016,679.0176,3700.5984,2043.1044,264.96906,35.31663,322.31448,6.94153,150,50,189.78,66,458,227,2,205.088,60,394
1.0,30.0,1,2021.0,229.5648,749.7792,3666.1248,2043.1044,264.96906,12.11298,341.6542,4.1853099999999985,150,50,189.78,66,458,227,2,205.088,60,395
1.0,31.0,1,2021.0,273.5424,766.8,3709.584,2043.1044,264.96906,31.69366,326.35394,2.91289,150,50,189.78,66,458,227,2,205.088,60,396
1.0,32.0,2,2021.0,265.68,750.7296,3759.3503,2018.3143,267.6455,24.40815,325.35455,3.27002,150,50,189.78,66,458,227,2,207.376,60,397
1.0,33.0,2,2021.0,239.76,723.3408,3766.0032,2018.3143,267.6455,57.19246,289.2442,4.34797,150,50,189.78,66,458,227,2,207.376,60,398
1.0,34.0,2,2021.0,242.6112,714.2688,3740.5151,2018.3143,267.6455,33.65227,325.80664,2.62719,150,50,189.78,66,458,227,2,207.376,60,399
1.0,35.0,2,2021.0,224.5536,694.2239999999998,3694.032,2018.3143,267.6455,72.8471,267.39917,2.04103,150,50,189.78,66,458,227,2,207.376,60,400
1.0,36.0,2,2021.0,201.2256,669.168,3624.912,2018.3143,267.6455,74.18312,250.0211,3.00346,150,50,189.78,66,458,227,2,207.376,60,401
1.0,37.0,2,2021.0,178.7616,643.3344,3537.5615,2018.3143,267.6455,74.74863,267.4405,3.80022,150,50,189.78,66,458,227,2,207.376,60,402
1.0,38.0,2,2021.0,159.1488,618.624,3436.992,2018.3143,267.6455,80.18599,259.58054,3.26409,150,50,189.78,66,458,227,2,207.376,60,403
1.0,39.0,2,2021.0,142.3008,595.4688,3330.547,2018.3143,267.6455,83.95795,255.24821,3.5005300000000004,150,50,189.78,66,458,227,2,207.376,60,404
1.0,40.0,2,2021.0,127.9584,573.8688,3223.4111,2018.3143,267.6455,67.16681,296.15192,4.75814,150,50,189.78,66,458,227,2,207.376,60,405
1.0,41.0,2,2021.0,115.6896,553.6512,3118.3489,2018.3143,267.6455,88.11373,263.08743,6.46936,150,50,189.78,66,458,227,2,207.376,60,406
1.0,42.0,2,2021.0,105.1488,534.7296,3016.3103,2018.3143,267.6455,89.81572,255.17052,6.3114,150,50,189.78,66,458,227,2,207.376,60,407
1.0,43.0,2,2021.0,95.904,516.8448,2919.2832,2018.3143,267.6455,92.8264,257.2432,5.2860000000000005,150,50,189.78,66,458,227,2,207.376,60,408
1.0,44.0,2,2021.0,93.2256,505.44,2828.736,2018.3143,267.6455,11.98984,348.8312,4.88955,150,50,189.78,66,458,227,2,207.376,60,409
1.0,45.0,2,2021.0,88.2144,492.1344,2747.0017,2018.3143,267.6455,75.22827,286.95355,4.5885,150,50,189.78,66,458,227,2,207.376,60,410
1.0,46.0,2,2021.0,82.39104,477.4464,2670.9695,2018.3143,267.6455,79.9401,274.27187999999995,3.1649700000000003,150,50,189.78,66,458,227,2,207.376,60,411
1.0,47.0,2,2021.0,76.38624,462.4128,2597.8752,2018.3143,267.6455,84.39869,264.6438,3.99314,150,50,189.78,66,458,227,2,207.376,60,412
1.0,48.0,2,2021.0,70.61471999999998,447.552,2527.2,2018.3143,267.6455,103.59025,228.05528,5.32999,150,50,189.78,66,458,227,2,207.376,60,413
1.0,49.0,2,2021.0,65.232,433.2096,2456.8704,2018.3143,267.6455,108.43456,217.38377000000003,4.65302,150,50,189.78,66,458,227,2,207.376,60,414
1.0,50.0,2,2021.0,60.27264,419.3856,2388.6145,2018.3143,267.6455,110.24135,222.75818,5.06476,150,50,189.78,66,458,227,2,207.376,60,415
1.0,51.0,2,2021.0,55.74528000000001,406.1664,2322.3457,2018.3143,267.6455,112.26134,224.81512,4.0359099999999986,150,50,189.78,66,458,227,2,207.376,60,416
1.0,52.0,2,2021.0,51.61536,393.552,2257.2,2018.3143,267.6455,112.54762,232.96268,2.8661,150,50,189.78,66,458,227,2,207.376,60,417
1.0,53.0,2,2021.0,66.51935999999999,408.3264,2200.0896,2018.3143,267.6455,103.31264,274.8859,4.89291,150,50,189.78,66,458,227,2,207.376,60,418
1.0,54.0,2,2021.0,111.1968,464.0544,2166.8257,2018.3143,267.6455,24.67204,343.56204,3.34906,150,50,189.78,66,458,227,2,207.376,60,419
1.0,55.0,2,2021.0,544.2336,721.6992,2574.288,2018.3143,267.6455,27.76918,354.8692,2.42408,150,50,189.78,66,458,227,2,207.376,60,420
1.0,56.0,2,2021.0,667.1808,822.96,3249.1584,2018.3143,267.6455,81.13452,287.7657200000001,6.55587,150,50,189.78,66,458,227,2,207.376,60,421
1.0,57.0,2,2021.0,588.384,800.4096,3406.493,2018.3143,267.6455,112.41787,256.56445,6.60303,150,50,189.78,66,458,227,2,207.376,60,422
1.0,58.0,2,2021.0,486.6048,743.472,3458.16,2018.3143,267.6455,111.50215,253.59961,3.70716,150,50,189.78,66,458,227,2,207.376,60,423
1.0,59.0,2,2021.0,401.6736,685.3248,3601.8433,2018.3143,267.6455,125.48047,251.02473,1.74043,150,50,189.78,66,458,227,2,207.376,60,424
1.0,60.0,2,2021.0,335.9232,633.5712,3587.0688,2018.3143,267.6455,130.40675,238.13155,2.14686,150,50,189.78,66,458,227,2,207.376,60,425
1.0,61.0,3,2021.0,285.3792,588.9024,3481.4016,1993.5244,264.96906,125.74188,247.65347000000003,2.6402400000000004,150,50,189.78,66,458,227,2,197.392,60,426
1.0,62.0,3,2021.0,246.3264,550.8864,3333.6577,1993.5244,264.96906,77.78856,297.3834,4.31941,150,50,189.78,66,458,227,2,197.392,60,427
1.0,63.0,3,2021.0,215.3088,517.9680000000002,3172.176,1993.5244,264.96906,104.28396,275.30737,4.93139,150,50,189.78,66,458,227,2,197.392,60,428
1.0,64.0,3,2021.0,190.08,489.1968,3012.5952,1993.5244,264.96906,120.10345,250.74973,4.34974,150,50,189.78,66,458,227,2,197.392,60,429
1.0,65.0,3,2021.0,169.34400000000005,463.7952,2861.7407,1993.5244,264.96906,141.52368,234.3587,1.80877,150,50,189.78,66,458,227,2,197.392,60,430
1.0,66.0,3,2021.0,151.9776,441.2448,2721.8591,1993.5244,264.96906,146.36292,234.83029,2.12,150,50,189.78,66,458,227,2,197.392,60,431
1.0,67.0,3,2021.0,137.2032,421.1136,2593.3823,1993.5244,264.96906,143.042,248.34238,3.47559,150,50,189.78,66,458,227,2,197.392,60,432
1.0,68.0,3,2021.0,124.6752,403.1424,2475.7056,1993.5244,264.96906,121.71951,263.16086,1.95451,150,50,189.78,66,458,227,2,197.392,60,433
1.0,69.0,3,2021.0,113.616,386.7264,2368.5696,1993.5244,264.96906,114.66391000000002,287.8627600000001,1.83766,150,50,189.78,66,458,227,2,197.392,60,434
1.0,70.0,3,2021.0,103.9392,371.6064,2271.3696,1993.5244,264.96906,100.65706,303.49158,2.04418,150,50,189.78,66,458,227,2,197.392,60,435
1.0,71.0,3,2021.0,95.3856,357.8688,2181.4272,1993.5244,264.96906,81.49656,305.65298,2.79553,150,50,189.78,66,458,227,2,197.392,60,436
1.0,72.0,3,2021.0,88.2144,345.6,2098.656,1993.5244,264.96906,151.25162,269.5409,4.29325,150,50,189.78,66,458,227,2,197.392,60,437
1.0,73.0,3,2021.0,380.4192,703.1232,2281.9104,1993.5244,264.96906,17.53792,334.11374,6.04236,150,50,189.78,66,458,227,2,197.392,60,438
1.0,74.0,3,2021.0,496.8864,863.4816,3202.9343,1993.5244,264.96906,301.8273,301.8273,5.167805,150,50,189.78,66,458,227,2,197.392,60,439
1.0,75.0,3,2021.0,481.3344,841.1904,3466.109000000001,1993.5244,264.96906,91.56078,293.1620000000001,7.04454,150,50,189.78,66,458,227,2,197.392,60,440
1.0,76.0,3,2021.0,410.4,759.9744,3402.7776,1993.5244,264.96906,169.03552,239.79211,2.20395,150,50,189.78,66,458,227,2,197.392,60,441
1.0,77.0,3,2021.0,341.4528,679.1904,3585.5137,1993.5244,264.96906,165.65044,257.81555,3.52028,150,50,189.78,66,458,227,2,197.392,60,442
1.0,78.0,3,2021.0,553.2192,762.9119999999998,3679.776,1993.5244,264.96906,33.50327,354.29984,5.21366,150,50,189.78,66,458,227,2,197.392,60,443
1.0,79.0,3,2021.0,536.1984,753.84,3772.656,1993.5244,264.96906,28.85866,359.9608,6.83955,150,50,189.78,66,458,227,2,197.392,60,444
1.0,80.0,3,2021.0,473.7312,709.2576,3796.5024,1993.5244,264.96906,97.29655,309.08688,5.60297,150,50,189.78,66,458,227,2,197.392,60,445
1.0,81.0,3,2021.0,578.1024,727.488,3794.688,1993.5244,264.96906,121.62125,300.16232,5.2316699999999985,150,50,189.78,66,458,227,2,197.392,60,446
1.0,82.0,3,2021.0,522.8928,699.0624,3771.2737,1993.5244,264.96906,50.13795,356.301,6.9397,150,50,189.78,66,458,227,2,197.392,60,447
1.0,83.0,3,2021.0,442.1088,651.456,3697.056,1993.5244,264.96906,109.41544,331.6681,5.56275,150,50,189.78,66,458,227,2,197.392,60,448
1.0,84.0,3,2021.0,371.6928,602.3808,3569.8752,1993.5244,264.96906,185.47243,289.7837,4.839,150,50,189.78,66,458,227,2,197.392,60,449
1.0,85.0,3,2021.0,315.7056,557.7984,3409.6897,1993.5244,264.96906,197.97728,276.02338,4.23665,150,50,189.78,66,458,227,2,197.392,60,450
1.0,86.0,3,2021.0,271.728,518.832,3235.248,1993.5244,264.96906,198.1478,286.47842,5.03132,150,50,189.78,66,458,227,2,197.392,60,451
1.0,87.0,3,2021.0,236.9088,485.136,3059.856,1993.5244,264.96906,141.12363,285.84607,6.33333,150,50,189.78,66,458,227,2,197.392,60,452
1.0,88.0,3,2021.0,208.9152,455.8464,2893.0176,1993.5244,264.96906,190.02711,258.61392,5.46375,150,50,189.78,66,458,227,2,197.392,60,453
1.0,89.0,3,2021.0,186.0192,430.3584,2737.0657,1993.5244,264.96906,206.24435,263.24078,2.33509,150,50,189.78,66,458,227,2,197.392,60,454
1.0,90.0,3,2021.0,166.9248,407.8944,2593.6416,1993.5244,264.96906,204.83961,268.14813,2.73226,150,50,189.78,66,458,227,2,197.392,60,455
1.0,91.0,3,2021.0,150.6816,387.936,2462.4,1993.5244,264.96906,203.8347,278.927,4.88983,150,50,189.78,66,458,227,2,197.392,60,456
1.0,92.0,4,2021.0,136.7712,370.224,2343.6,1991.4586,270.32196,206.32388,286.3243700000001,4.053,150,50,189.78,66,458,227,2,209.664,75,457
1.0,93.0,4,2021.0,170.64,375.0624,2245.4497,1991.4586,270.32196,205.4123,300.4084200000001,2.4568,150,50,189.78,66,458,227,2,209.664,75,458
1.0,94.0,4,2021.0,177.55200000000005,375.7536,2164.4065,1991.4586,270.32196,110.35145,306.10263,2.7669900000000003,150,50,189.78,66,458,227,2,209.664,75,459
1.0,95.0,4,2021.0,169.34400000000005,370.0512,2099.2607,1991.4586,270.32196,185.85014,283.2072,3.6076,150,50,189.78,66,458,227,2,209.664,75,460
1.0,96.0,4,2021.0,155.6928,359.7696,2044.7424,1991.4586,270.32196,119.85171,316.7046,2.81303,150,50,189.78,66,458,227,2,209.664,75,461
1.0,97.0,4,2021.0,141.0912,347.3280000000001,1994.976,1991.4586,270.32196,200.53737,299.93216,2.69157,150,50,189.78,66,458,227,2,209.664,75,462
1.0,98.0,4,2021.0,127.44,334.1952,1947.6288,1991.4586,270.32196,219.38765,294.26886,1.91798,150,50,189.78,66,458,227,2,209.664,75,463
1.0,99.0,4,2021.0,115.2576,321.2352,1899.2448,1991.4586,270.32196,226.50525,299.8116,1.3925299999999998,150,50,189.78,66,458,227,2,209.664,75,464
1.0,100.0,4,2021.0,104.544,308.9664,1849.3055,1991.4586,270.32196,85.75224,354.75183,2.02041,150,50,189.78,66,458,227,2,209.664,75,465
1.0,101.0,4,2021.0,95.904,298.4256,1798.5024,1991.4586,270.32196,44.87446,329.0406200000001,2.91792,150,50,189.78,66,458,227,2,209.664,75,466
1.0,102.0,4,2021.0,88.0416,288.2304,1748.2177,1991.4586,270.32196,245.79663,248.13472,2.07658,150,50,189.78,66,458,227,2,209.664,75,467
1.0,103.0,4,2021.0,80.80128,278.2944,1698.5376,1991.4586,270.32196,222.42471,272.17786,3.39497,150,50,189.78,66,458,227,2,209.664,75,468
1.0,104.0,4,2021.0,74.27808,268.7904,1649.2896,1991.4586,270.32196,252.22806,247.75749,2.57996,150,50,189.78,66,458,227,2,209.664,75,469
1.0,105.0,4,2021.0,68.39424,259.632,1601.424,1991.4586,270.32196,173.08072,288.80005,4.39617,150,50,189.78,66,458,227,2,209.664,75,470
1.0,106.0,4,2021.0,63.08064,250.992,1554.7679999999998,1991.4586,270.32196,190.69115,295.2125200000001,2.01507,150,50,189.78,66,458,227,2,209.664,75,471
1.0,107.0,4,2021.0,122.5152,320.0256,1504.7424,1991.4586,270.32196,24.55662,339.4596,3.24711,150,50,189.78,66,458,227,2,209.664,75,472
1.0,108.0,4,2021.0,179.5392,384.7392,1486.6848,1991.4586,270.32196,138.54095,301.24774,4.14236,150,50,189.78,66,458,227,2,209.664,75,473
1.0,109.0,4,2021.0,212.2848,419.6448,1632.2688,1991.4586,270.32196,213.08049,284.06488,3.11511,150,50,189.78,66,458,227,2,209.664,75,474
1.0,110.0,4,2021.0,206.8416,418.0896,1758.24,1991.4586,270.32196,211.78384,281.76633,4.11865,150,50,189.78,66,458,227,2,209.664,75,475
1.0,111.0,4,2021.0,197.856,404.5248,1806.7968,1991.4586,270.32196,198.01622,291.21555,2.94434,150,50,189.78,66,458,227,2,209.664,75,476
1.0,112.0,4,2021.0,211.7664,406.944,1845.8496,1991.4586,270.32196,153.1846,297.1509,1.93509,150,50,189.78,66,458,227,2,209.664,75,477
1.0,113.0,4,2021.0,217.1232,402.624,1863.648,1991.4586,270.32196,147.09384,304.27628,2.30651,150,50,189.78,66,458,227,2,209.664,75,478
1.0,114.0,4,2021.0,199.584,385.6032,1915.2288,1991.4586,270.32196,238.0431,273.36923,3.3486800000000003,150,50,189.78,66,458,227,2,209.664,75,479
1.0,115.0,4,2021.0,191.2896,372.9888,1947.7152,1991.4586,270.32196,142.30722,316.3591,4.64035,150,50,189.78,66,458,227,2,209.664,75,480
1.0,116.0,4,2021.0,260.8416,422.1504,1963.3536,1991.4586,270.32196,87.82381,330.05038,3.00464,150,50,189.78,66,458,227,2,209.664,75,481
1.0,117.0,4,2021.0,266.0256,438.9984,2000.9376,1991.4586,270.32196,148.797,328.45486,2.86803,150,50,189.78,66,458,227,2,209.664,75,482
1.0,118.0,4,2021.0,241.1424,427.1616,2049.0625,1991.4586,270.32196,244.78358,304.6651,3.24943,150,50,189.78,66,458,227,2,209.664,75,483
1.0,119.0,4,2021.0,281.664,468.2016,2092.2625,1991.4586,270.32196,63.81098000000001,335.5817600000001,3.10872,150,50,189.78,66,458,227,2,209.664,75,484
1.0,120.0,4,2021.0,430.7904,641.0880000000002,2563.5745,1991.4586,270.32196,170.09381000000005,343.03537,5.06993,150,50,189.78,66,458,227,2,209.664,75,485
1.0,121.0,4,2021.0,648.6048,876.096,3506.371,1991.4586,270.32196,40.96267,353.18686,6.50226,150,50,189.78,66,458,227,2,209.664,75,486
1.0,122.0,5,2021.0,628.6464,882.1439999999999,3856.896,2078.2234,270.32196,135.73228,323.4542,5.3323800000000015,150,50,189.78,66,458,227,2,200.928,75,487
1.0,123.0,5,2021.0,525.2256,793.3248,3672.6912,2078.2234,270.32196,227.91312,317.50946,2.73526,150,50,189.78,66,458,227,2,200.928,75,488
1.0,124.0,5,2021.0,511.4016,766.0224,3820.9536,2078.2234,270.32196,77.09751999999997,344.1375700000001,3.60369,150,50,189.78,66,458,227,2,200.928,75,489
1.0,125.0,5,2021.0,493.344,732.5856,3889.8145,2078.2234,270.32196,215.0759,313.99066,3.84037,150,50,189.78,66,458,227,2,200.928,75,490
1.0,126.0,5,2021.0,522.1152,725.8464,3880.1377,2078.2234,270.32196,229.88083,314.9204,5.56099,150,50,189.78,66,458,227,2,200.928,75,491
1.0,127.0,5,2021.0,462.24,675.8208,3813.5232,2078.2234,270.32196,245.09319,299.6830700000001,6.48067,150,50,189.78,66,458,227,2,200.928,75,492
1.0,128.0,5,2021.0,468.8064,658.1088,3711.1392,2078.2234,270.32196,176.26218,312.47165,4.9421300000000015,150,50,189.78,66,458,227,2,200.928,75,493
1.0,129.0,5,2021.0,410.7456,611.1936,3586.1184,2078.2234,270.32196,265.03342000000004,316.3012,3.14007,150,50,189.78,66,458,227,2,200.928,75,494
1.0,130.0,5,2021.0,479.6928,618.9696,3470.3423,2078.2234,270.32196,52.34661,347.8893,4.00555,150,50,189.78,66,458,227,2,200.928,75,495
1.0,131.0,5,2021.0,460.512,602.3808,3376.3390000000004,2078.2234,270.32196,112.9252,362.5928,3.21219,150,50,189.78,66,458,227,2,200.928,75,496
1.0,132.0,5,2021.0,399.5136,564.192,3276.288,2078.2234,270.32196,222.7344,326.84656,4.43921,150,50,189.78,66,458,227,2,200.928,75,497
1.0,133.0,5,2021.0,339.8112,520.9056,3154.5503,2078.2234,270.32196,271.1788,329.3965,5.11727,150,50,189.78,66,458,227,2,200.928,75,498
1.0,134.0,5,2021.0,300.1536,485.136,3015.792,2078.2234,270.32196,160.97716,335.92786,4.99938,150,50,189.78,66,458,227,2,200.928,75,499
1.0,135.0,5,2021.0,263.6064,452.8224,2870.1216,2078.2234,270.32196,174.52103,323.38873,5.84335,150,50,189.78,66,458,227,2,200.928,75,500
1.0,136.0,5,2021.0,230.7744,422.2368,2723.5872,2078.2234,270.32196,182.89568,347.06595,5.56588,150,50,189.78,66,458,227,2,200.928,75,501
1.0,137.0,5,2021.0,397.1808,478.656,2616.192,2078.2234,270.32196,121.53348,335.8439,4.76582,150,50,189.78,66,458,227,2,200.928,75,502
1.0,138.0,5,2021.0,415.6704,502.6752,2562.7969,2078.2234,270.32196,232.36472,319.8465,5.4069400000000005,150,50,189.78,66,458,227,2,200.928,75,503
1.0,139.0,5,2021.0,374.112,495.7632,2546.3809,2078.2234,270.32196,161.60484,333.36926,3.85419,150,50,189.78,66,458,227,2,200.928,75,504
1.0,140.0,5,2021.0,323.7408,473.1264,2536.1855,2078.2234,270.32196,231.4174,348.55243,3.77304,150,50,189.78,66,458,227,2,200.928,75,505
1.0,141.0,5,2021.0,283.392,448.848,2510.3520000000008,2078.2234,270.32196,198.21408,334.10443,4.26384,150,50,189.78,66,458,227,2,200.928,75,506
1.0,142.0,5,2021.0,247.2768,423.1872,2465.1648,2078.2234,270.32196,320.88907,294.97128,2.04723,150,50,189.78,66,458,227,2,200.928,75,507
1.0,143.0,5,2021.0,216.9504,398.6496,2401.5745,2078.2234,270.32196,325.7422,302.02698,4.14945,150,50,189.78,66,458,227,2,200.928,75,508
1.0,144.0,5,2021.0,191.9808,376.3584,2324.5056,2078.2234,270.32196,127.39248,335.1280000000001,5.76334,150,50,189.78,66,458,227,2,200.928,75,509
1.0,145.0,5,2021.0,171.1584,356.2272,2239.2288,2078.2234,270.32196,163.05951000000005,327.2376700000001,6.10321,150,50,189.78,66,458,227,2,200.928,75,510
1.0,146.0,5,2021.0,153.7056,338.256,2151.792,2078.2234,270.32196,89.82893,350.69815,4.37549,150,50,189.78,66,458,227,2,200.928,75,511
1.0,147.0,5,2021.0,138.7584,322.1856,2064.1824,2078.2234,270.32196,338.96793,338.96793,5.23935,150,50,189.78,66,458,227,2,200.928,75,512
1.0,148.0,5,2021.0,125.9712,307.584,1980.288,2078.2234,270.32196,251.85645,327.25494,2.61687,150,50,189.78,66,458,227,2,200.928,75,513
1.0,149.0,5,2021.0,141.8688,317.0016,1902.6144,2078.2234,270.32196,69.61713,345.1319299999999,2.81397,150,50,189.78,66,458,227,2,200.928,75,514
1.0,150.0,5,2021.0,179.9712,350.0064,1841.0977,2078.2234,270.32196,160.5672,335.7196,4.58983,150,50,189.78,66,458,227,2,200.928,75,515
1.0,151.0,5,2021.0,259.4592,424.3968,1806.4512,2078.2234,270.32196,229.05298,331.7966,3.69119,150,50,189.78,66,458,227,2,200.928,75,516
1.0,152.0,5,2021.0,336.2688,485.3952,1957.7375,2078.2234,270.32196,180.288,342.7373,2.61789,150,50,189.78,66,458,227,2,200.928,75,517
1.0,153.0,6,2021.0,327.3696,494.9856,2127.6863,2094.75,275.67487,272.9919,304.9543,5.88177,150,50,189.78,66,458,227,2,258.336,75,518
1.0,154.0,6,2021.0,289.3536,473.7312,2161.9873,2094.75,275.67487,293.71643,288.87177,6.95361,150,50,189.78,66,458,227,2,258.336,75,519
1.0,155.0,6,2021.0,248.3136,441.3312,2154.1248,2094.75,275.67487,331.88055,301.50534,3.63541,150,50,189.78,66,458,227,2,258.336,75,520
1.0,156.0,6,2021.0,319.9392,452.3904,2217.3696,2094.75,275.67487,81.76873,364.72476,3.4485900000000003,150,50,189.78,66,458,227,2,258.336,75,521
1.0,157.0,6,2021.0,313.2864,447.552,2260.224,2094.75,275.67487,124.94426,362.84348,5.07032,150,50,189.78,66,458,227,2,258.336,75,522
1.0,158.0,6,2021.0,279.1584,429.6672,2280.7007,2094.75,275.67487,271.87704,325.31137,6.36418,150,50,189.78,66,458,227,2,258.336,75,523
1.0,159.0,6,2021.0,242.0928,405.9072,2274.2207,2094.75,275.67487,158.2632,336.70245,6.13197,150,50,189.78,66,458,227,2,258.336,75,524
1.0,160.0,6,2021.0,209.52,381.2832,2241.8208,2094.75,275.67487,198.5299,322.74097,4.6050900000000015,150,50,189.78,66,458,227,2,258.336,75,525
1.0,161.0,6,2021.0,182.3904,357.8688,2189.2031,2094.75,275.67487,345.5913700000001,289.9493,3.04228,150,50,189.78,66,458,227,2,258.336,75,526
1.0,162.0,6,2021.0,160.1856,336.6144,2121.4656,2094.75,275.67487,101.92209,355.66672,2.38823,150,50,189.78,66,458,227,2,258.336,75,527
1.0,163.0,6,2021.0,141.8688,317.6928,2046.2112,2094.75,275.67487,274.40598,353.10242,2.60326,150,50,189.78,66,458,227,2,258.336,75,528
1.0,164.0,6,2021.0,126.6624,300.8448,1966.2913,2094.75,275.67487,301.79208,354.32596,3.39782,150,50,189.78,66,458,227,2,258.336,75,529
1.0,165.0,6,2021.0,131.4144,295.5744,1889.4816,2094.75,275.67487,235.8276,352.1004,5.40749,150,50,189.78,66,458,227,2,258.336,75,530
1.0,166.0,6,2021.0,126.9216,288.576,1817.856,2094.75,275.67487,151.7581,360.19733,4.2394,150,50,189.78,66,458,227,2,258.336,75,531
1.0,167.0,6,2021.0,129.4272,287.1072,1752.7968,2094.75,275.67487,46.63153,380.65057,2.82981,150,50,189.78,66,458,227,2,258.336,75,532
1.0,168.0,6,2021.0,190.5984,340.0704,1695.5135,2094.75,275.67487,138.99661,366.84958,1.92583,150,50,189.78,66,458,227,2,258.336,75,533
1.0,169.0,6,2021.0,228.096,380.2464,1673.4816,2094.75,275.67487,218.60011,337.92856,3.67769,150,50,189.78,66,458,227,2,258.336,75,534
1.0,170.0,6,2021.0,246.1536,400.2048,1703.0304,2094.75,275.67487,221.23773,336.79868,3.32741,150,50,189.78,66,458,227,2,258.336,75,535
1.0,171.0,6,2021.0,229.9968,394.848,1767.0529,2094.75,275.67487,333.31598,315.4446700000001,2.8983,150,50,189.78,66,458,227,2,258.336,75,536
1.0,172.0,6,2021.0,203.8176,375.9264,1786.6656,2094.75,275.67487,347.42953,311.0568,3.0922400000000003,150,50,189.78,66,458,227,2,258.336,75,537
1.0,173.0,6,2021.0,445.824,666.576,2376.6047,2094.75,275.67487,149.2187,359.21667,4.7531300000000005,150,50,189.78,66,458,227,2,258.336,75,538
1.0,174.0,6,2021.0,762.9119999999998,985.824,3742.6753,2094.75,275.67487,108.25275,352.0728,3.4913800000000004,150,50,189.78,66,458,227,2,258.336,75,539
1.0,175.0,6,2021.0,707.5296,973.728,4140.288,2094.75,275.67487,223.8282,360.15775,5.08387,150,50,189.78,66,458,227,2,258.336,75,540
1.0,176.0,6,2021.0,580.3488,863.568,3892.32,2094.75,275.67487,348.1335,315.5826,6.01994,150,50,189.78,66,458,227,2,258.336,75,541
1.0,177.0,6,2021.0,468.1152,752.112,4027.536,2094.75,275.67487,324.0188,327.06985,3.78024,150,50,189.78,66,458,227,2,258.336,75,542
1.0,178.0,6,2021.0,380.4192,657.2448,3967.7473,2094.75,275.67487,282.44745,333.52335,3.646830000000001,150,50,189.78,66,458,227,2,258.336,75,543
1.0,179.0,6,2021.0,313.2,579.0528,3758.2273,2094.75,275.67487,311.37677,340.6177,5.13635,150,50,189.78,66,458,227,2,258.336,75,544
1.0,180.0,6,2021.0,261.5328,514.7712,3495.9167,2094.75,275.67487,215.88617,351.4306,5.36315,150,50,189.78,66,458,227,2,258.336,75,545
1.0,181.0,6,2021.0,258.8544,485.7408,3242.4192,2094.75,275.67487,193.60165,339.2678,5.43328,150,50,189.78,66,458,227,2,258.336,75,546
1.0,182.0,6,2021.0,234.9216,452.2176,3016.7424,2094.75,275.67487,312.4360700000001,306.76596,4.7568199999999985,150,50,189.78,66,458,227,2,258.336,75,547
1.0,183.0,7,2021.0,328.32,507.9456,2848.6943,2154.659,283.70422,161.40344,338.1272600000001,4.25433,150,50,189.78,66,458,227,2,247.728,75,548
1.0,184.0,7,2021.0,329.7024,517.536,2757.024000000001,2154.659,283.70422,218.9146,341.46533,4.65152,150,50,189.78,66,458,227,2,247.728,75,549
1.0,185.0,7,2021.0,295.6608,494.64,2703.024000000001,2154.659,283.70422,273.21277000000003,315.3413,3.38026,150,50,189.78,66,458,227,2,247.728,75,550
1.0,186.0,7,2021.0,256.8672,460.08,2646.864,2154.659,283.70422,284.44006,321.53235,2.23406,150,50,189.78,66,458,227,2,247.728,75,551
1.0,187.0,7,2021.0,250.6464,443.0592,2579.213,2154.659,283.70422,240.58656,336.17435,2.3009,150,50,189.78,66,458,227,2,247.728,75,552
1.0,188.0,7,2021.0,238.896,424.656,2506.896,2154.659,283.70422,262.74936,325.50113,2.49527,150,50,189.78,66,458,227,2,247.728,75,553
1.0,189.0,7,2021.0,225.5904,405.9072,2429.7407,2154.659,283.70422,250.96858,338.42404,2.4845,150,50,189.78,66,458,227,2,247.728,75,554
1.0,190.0,7,2021.0,247.4496,415.6704,2356.0415,2154.659,283.70422,203.46521,347.84616,3.06861,150,50,189.78,66,458,227,2,247.728,75,555
1.0,191.0,7,2021.0,306.3744,437.8752,2307.9167,2154.659,283.70422,208.98457,335.51978,2.34453,150,50,189.78,66,458,227,2,247.728,75,556
1.0,192.0,7,2021.0,296.784,435.8016,2281.4785,2154.659,283.70422,325.6436,313.2628200000001,3.82667,150,50,189.78,66,458,227,2,247.728,75,557
1.0,193.0,7,2021.0,264.0384,417.3984,2261.8655,2154.659,283.70422,297.334,336.17593,2.52838,150,50,189.78,66,458,227,2,247.728,75,558
1.0,194.0,7,2021.0,229.3056,392.6016,2233.0945,2154.659,283.70422,316.22388,352.52274,3.61025,150,50,189.78,66,458,227,2,247.728,75,559
1.0,195.0,7,2021.0,198.4608,366.5952,2189.9807,2154.659,283.70422,307.36505,363.535,2.5657,150,50,189.78,66,458,227,2,247.728,75,560
1.0,196.0,7,2021.0,172.7136,342.2304,2130.5376,2154.659,283.70422,218.13173,377.61703,2.44903,150,50,189.78,66,458,227,2,247.728,75,561
1.0,197.0,7,2021.0,820.0224,1185.408,4073.5872,2154.659,283.70422,33.29994,379.77438,3.71628,150,50,189.78,66,458,227,2,247.728,75,562
1.0,198.0,7,2021.0,898.56,1360.8,5444.928000000001,2154.659,283.70422,308.58636,340.20682,1.89809,150,50,189.78,66,458,227,2,247.728,75,563
1.0,199.0,7,2021.0,1017.792,1359.072,5721.408,2154.659,283.70422,172.3358,363.6719,3.3858,150,50,189.78,66,458,227,2,247.728,75,564
1.0,200.0,7,2021.0,841.8816,1185.408,5927.04,2154.659,283.70422,325.6602200000001,318.2072,2.25889,150,50,189.78,66,458,227,2,247.728,75,565
1.0,201.0,7,2021.0,669.4272,1015.2,5846.688,2154.659,283.70422,314.36374,335.2376700000001,2.91487,150,50,189.78,66,458,227,2,247.728,75,566
1.0,202.0,7,2021.0,544.8384,880.416,5441.472,2154.659,283.70422,220.73853,390.9349,3.69882,150,50,189.78,66,458,227,2,247.728,75,567
1.0,203.0,7,2021.0,444.528,766.8864,4958.8420000000015,2154.659,283.70422,311.0394,374.0845,3.15573,150,50,189.78,66,458,227,2,247.728,75,568
1.0,204.0,7,2021.0,401.76,690.5952,4507.229,2154.659,283.70422,251.08163,375.32568,3.5688,150,50,189.78,66,458,227,2,247.728,75,569
1.0,205.0,7,2021.0,345.168,619.4016,4107.5425,2154.659,283.70422,295.13895,346.9997,3.26067,150,50,189.78,66,458,227,2,247.728,75,570
1.0,206.0,7,2021.0,293.9328,556.5024,3753.9937,2154.659,283.70422,313.8847,333.6962,3.66369,150,50,189.78,66,458,227,2,247.728,75,571
1.0,207.0,7,2021.0,317.52,532.3104,3464.5537,2154.659,283.70422,269.1376,365.7596,4.09502,150,50,189.78,66,458,227,2,247.728,75,572
1.0,208.0,7,2021.0,296.6976,502.416,3225.744,2154.659,283.70422,265.018,374.34006,4.1847400000000015,150,50,189.78,66,458,227,2,247.728,75,573
1.0,209.0,7,2021.0,317.52,490.6656,3035.3184,2154.659,283.70422,128.5402,374.76266,2.6534,150,50,189.78,66,458,227,2,247.728,75,574
1.0,210.0,7,2021.0,294.1056,468.5472,2877.7249,2154.659,283.70422,253.02287,329.61124,3.22336,150,50,189.78,66,458,227,2,247.728,75,575
1.0,211.0,7,2021.0,260.064,441.3312,2739.0527,2154.659,283.70422,295.66293,331.9028,1.87953,150,50,189.78,66,458,227,2,247.728,75,576
1.0,212.0,7,2021.0,227.5776,413.5104,2609.6255,2154.659,283.70422,301.0858,337.33286,3.1501,150,50,189.78,66,458,227,2,247.728,75,577
1.0,213.0,7,2021.0,199.6704,387.504,2485.2960000000007,2154.659,283.70422,282.77963,346.2519200000001,4.21199,150,50,189.78,66,458,227,2,247.728,75,578
1.0,214.0,8,2021.0,272.2464,400.3776,2383.4304,2181.515,267.6455,237.34851,377.07214,1.61525,150,50,189.78,66,458,227,2,212.784,75,579
1.0,215.0,8,2021.0,278.64,403.2288,2301.0913,2181.515,267.6455,259.10144,387.03064,4.14777,150,50,189.78,66,458,227,2,212.784,75,580
1.0,216.0,8,2021.0,256.5216,395.4528,2236.2913,2181.515,267.6455,301.73618,337.14258,3.71029,150,50,189.78,66,458,227,2,212.784,75,581
1.0,217.0,8,2021.0,228.0096,381.1104,2181.5137,2181.515,267.6455,277.66876,338.75778,2.31694,150,50,189.78,66,458,227,2,212.784,75,582
1.0,218.0,8,2021.0,201.3984,364.176,2127.6,2181.515,267.6455,270.87103,360.84174,5.07728,150,50,189.78,66,458,227,2,212.784,75,583
1.0,219.0,8,2021.0,178.2432,346.896,2072.304,2181.515,267.6455,289.2933,375.02393,3.61517,150,50,189.78,66,458,227,2,212.784,75,584
1.0,220.0,8,2021.0,158.6304,330.3936,2013.6384,2181.515,267.6455,367.93283,367.93283,4.346225,150,50,189.78,66,458,227,2,212.784,75,585
1.0,221.0,8,2021.0,142.8192,315.7056,1951.4304,2181.515,267.6455,281.3747,389.81024,2.2951,150,50,189.78,66,458,227,2,212.784,75,586
1.0,222.0,8,2021.0,128.9952,302.0544,1888.1855,2181.515,267.6455,245.77547,390.13193,3.44336,150,50,189.78,66,458,227,2,212.784,75,587
1.0,223.0,8,2021.0,117.072,289.3536,1824.8544,2181.515,267.6455,249.0277,358.85718,2.96837,150,50,189.78,66,458,227,2,212.784,75,588
1.0,224.0,8,2021.0,106.6176,277.6032,1762.3008,2181.515,267.6455,218.83836,362.00912,2.37223,150,50,189.78,66,458,227,2,212.784,75,589
1.0,225.0,8,2021.0,97.3728,266.7168,1701.4752,2181.515,267.6455,220.44164,355.6508,3.2683,150,50,189.78,66,458,227,2,212.784,75,590
1.0,226.0,8,2021.0,89.2512,256.5216,1642.5504,2181.515,267.6455,270.78256,333.04938,3.27883,150,50,189.78,66,458,227,2,212.784,75,591
1.0,227.0,8,2021.0,82.04544,247.104,1586.304,2181.515,267.6455,277.84537,322.56204,2.49061,150,50,189.78,66,458,227,2,212.784,75,592
1.0,228.0,8,2021.0,75.59136,238.3776,1531.9584,2181.515,267.6455,258.96136,343.54852,1.91391,150,50,189.78,66,458,227,2,212.784,75,593
1.0,229.0,8,2021.0,86.20128000000003,244.944,1482.192,2181.515,267.6455,145.8366,378.15793,2.28174,150,50,189.78,66,458,227,2,212.784,75,594
1.0,230.0,8,2021.0,486.7776,693.7919999999998,1900.4543,2181.515,267.6455,161.09496,368.6651,3.8439,150,50,189.78,66,458,227,2,212.784,75,595
1.0,231.0,8,2021.0,628.3872,933.12,3295.0369,2181.515,267.6455,255.85973,317.4307,2.69124,150,50,189.78,66,458,227,2,212.784,75,596
1.0,232.0,8,2021.0,562.7232,890.784,3672.432,2181.515,267.6455,211.75162000000003,326.6754,2.95611,150,50,189.78,66,458,227,2,212.784,75,597
1.0,233.0,8,2021.0,463.7952,784.2528,3468.3552,2181.515,267.6455,236.5927,314.7566,3.11242,150,50,189.78,66,458,227,2,212.784,75,598
1.0,234.0,8,2021.0,376.3584,681.4368,3480.4512,2181.515,267.6455,265.87448,302.49252,3.82007,150,50,189.78,66,458,227,2,212.784,75,599
1.0,235.0,8,2021.0,582.768,907.2,3735.7632,2181.515,267.6455,30.40915,362.34503,5.00013,150,50,189.78,66,458,227,2,212.784,75,600
1.0,236.0,8,2021.0,553.5648,898.56,4075.488,2181.515,267.6455,175.05123999999995,362.09897,5.74671,150,50,189.78,66,458,227,2,212.784,75,601
1.0,237.0,8,2021.0,533.4336,848.1024,4272.8257,2181.515,267.6455,174.23997,307.52826,5.29244,150,50,189.78,66,458,227,2,212.784,75,602
1.0,238.0,8,2021.0,451.0944,754.0992,4261.4209999999985,2181.515,267.6455,245.66089,303.27335,3.5156300000000003,150,50,189.78,66,458,227,2,212.784,75,603
1.0,239.0,8,2021.0,1219.104,1848.096,7369.92,2181.515,267.6455,11.38097,370.19354,5.98251,150,50,189.78,66,458,227,2,212.784,75,604
1.0,240.0,8,2021.0,1585.44,1988.064,8327.232,2181.515,267.6455,231.07603,312.48572,7.32499,150,50,189.78,66,458,227,2,212.784,75,605
1.0,241.0,8,2021.0,1273.536,1692.576,8856.864,2181.515,267.6455,257.11642,283.4567600000001,4.98886,150,50,189.78,66,458,227,2,212.784,75,606
1.0,242.0,8,2021.0,1153.44,1503.36,8441.28,2181.515,267.6455,55.95709,350.42038,3.2488,150,50,189.78,66,458,227,2,212.784,75,607
1.0,243.0,8,2021.0,930.528,1296.0,7680.96,2181.515,267.6455,45.76402,386.09778,2.02399,150,50,189.78,66,458,227,2,212.784,75,608
1.0,244.0,9,2021.0,743.6448,1115.424,6867.936,2181.515,267.6455,122.88251,377.27252,1.34785,150,50,189.78,66,458,227,2,197.392,75,609
1.0,245.0,9,2021.0,602.4672,967.68,6117.984,2067.8943,264.96906,80.72625,389.10764,1.02197,150,50,189.78,66,458,227,2,197.392,75,610
1.0,246.0,9,2021.0,496.6272,847.4112,5464.9727,2067.8943,264.96906,121.58537,374.7931,1.17841,150,50,189.78,66,458,227,2,197.392,75,611
1.0,247.0,9,2021.0,416.1024,749.7792,4906.8286,2067.8943,264.96906,128.75226,374.0676,2.08853,150,50,189.78,66,458,227,2,197.392,75,612
1.0,248.0,9,2021.0,353.8944,669.7728,4432.147,2067.8943,264.96906,177.17136000000005,346.86026,2.24488,150,50,189.78,66,458,227,2,197.392,75,613
1.0,249.0,9,2021.0,304.992,603.6768,4028.2273,2067.8943,264.96906,103.08776,368.9364,2.40397,150,50,189.78,66,458,227,2,197.392,75,614
1.0,250.0,9,2021.0,265.7664,548.8128,3682.1953,2067.8943,264.96906,119.35748,347.90112,3.5335400000000003,150,50,189.78,66,458,227,2,197.392,75,615
1.0,251.0,9,2021.0,233.8848,502.848,3385.152,2067.8943,264.96906,199.11856,306.0318,3.68614,150,50,189.78,66,458,227,2,197.392,75,616
1.0,252.0,9,2021.0,207.6192,463.968,3128.544000000001,2067.8943,264.96906,209.80177,297.39508,2.2873900000000003,150,50,189.78,66,458,227,2,197.392,75,617
1.0,253.0,9,2021.0,185.5008,430.8768,2905.891,2067.8943,264.96906,215.55254,303.52805,1.43736,150,50,189.78,66,458,227,2,197.392,75,618
1.0,254.0,9,2021.0,166.8384,402.624,2710.368,2067.8943,264.96906,212.00676,314.4161,1.73005,150,50,189.78,66,458,227,2,197.392,75,619
1.0,255.0,9,2021.0,150.768,378.0864,2539.6416,2067.8943,264.96906,207.2487,312.08563,2.04446,150,50,189.78,66,458,227,2,197.392,75,620
1.0,256.0,9,2021.0,136.8576,356.7456,2388.1824,2067.8943,264.96906,190.94969,312.2651,2.82787,150,50,189.78,66,458,227,2,197.392,75,621
1.0,257.0,9,2021.0,124.6752,337.9968,2254.0032,2067.8943,264.96906,201.15657,317.08368,4.3448400000000005,150,50,189.78,66,458,227,2,197.392,75,622
1.0,258.0,9,2021.0,135.3024,338.5152,2138.5728,2067.8943,264.96906,137.57745,345.66867,3.02173,150,50,189.78,66,458,227,2,197.392,75,623
1.0,259.0,9,2021.0,160.4448,354.672,2046.384,2067.8943,264.96906,118.12336,353.89224,2.8828,150,50,189.78,66,458,227,2,197.392,75,624
1.0,260.0,9,2021.0,453.3408,704.16,2336.8608,2067.8943,264.96906,28.059390000000004,369.29422,2.68349,150,50,189.78,66,458,227,2,197.392,75,625
1.0,261.0,9,2021.0,556.6752,862.7904,3287.6929,2067.8943,264.96906,90.31496,353.2603,2.3292900000000003,150,50,189.78,66,458,227,2,197.392,75,626
1.0,262.0,9,2021.0,530.1504,839.6352,3561.408,2067.8943,264.96906,49.06826,360.38593,3.52547,150,50,189.78,66,458,227,2,197.392,75,627
1.0,263.0,9,2021.0,543.5424,843.0048,3682.4543,2067.8943,264.96906,92.73767,360.6005,3.4560699999999995,150,50,189.78,66,458,227,2,197.392,75,628
1.0,264.0,9,2021.0,501.4656,791.8560000000001,3774.384,2067.8943,264.96906,143.3783,358.65704,1.98296,150,50,189.78,66,458,227,2,197.392,75,629
1.0,265.0,9,2021.0,469.8432,747.1872,3903.7249,2067.8943,264.96906,150.16618,369.86505,2.092,150,50,189.78,66,458,227,2,197.392,75,630
1.0,266.0,9,2021.0,495.6768,767.3184,3936.2976,2067.8943,264.96906,145.53026,367.67972,3.65092,150,50,189.78,66,458,227,2,197.392,75,631
1.0,267.0,9,2021.0,669.8592,843.5232,4028.5728,2067.8943,264.96906,116.89665,349.1375,5.26503,150,50,189.78,66,458,227,2,197.392,75,632
1.0,268.0,9,2021.0,605.9232,804.9024,4120.7617,2067.8943,264.96906,181.83514,284.28436,3.81814,150,50,189.78,66,458,227,2,197.392,75,633
1.0,269.0,9,2021.0,503.712,730.1664,4091.8176,2067.8943,264.96906,138.21303,309.7291600000001,2.39754,150,50,189.78,66,458,227,2,197.392,75,634
1.0,270.0,9,2021.0,415.2384,655.7760000000002,3945.888,2067.8943,264.96906,162.59663,326.2036700000001,1.82397,150,50,189.78,66,458,227,2,197.392,75,635
1.0,271.0,9,2021.0,345.6864,590.8896,3730.8384,2067.8943,264.96906,120.1232,321.94272,2.56723,150,50,189.78,66,458,227,2,197.392,75,636
1.0,272.0,9,2021.0,291.8592,535.9392,3492.0288,2067.8943,264.96906,159.13057,302.99478,3.1271400000000003,150,50,189.78,66,458,227,2,197.392,75,637
1.0,273.0,9,2021.0,249.8688,489.7152,3253.9968,2067.8943,264.96906,158.1674,316.12338,2.36767,150,50,189.78,66,458,227,2,197.392,75,638
1.0,274.0,9,2021.0,216.6912,450.6624,3030.3936,2067.8943,264.96906,144.49348,327.53287,1.1944,150,50,189.78,66,458,227,2,197.392,75,639
1.0,275.0,10,2021.0,215.8272,436.4928,2833.7473,2014.1827,262.2926,84.05025,342.22546,2.50625,150,50,189.78,66,458,227,2,179.50400000000005,75,640
1.0,276.0,10,2021.0,283.824,497.4048,2689.027,2014.1827,262.2926,65.5573,346.54178,3.09729,150,50,189.78,66,458,227,2,179.50400000000005,75,641
1.0,277.0,10,2021.0,353.8944,570.24,2637.792,2014.1827,262.2926,79.13933,350.61383,4.76559,150,50,189.78,66,458,227,2,179.50400000000005,75,642
1.0,278.0,10,2021.0,672.7968,835.8336,3290.112,2014.1827,262.2926,130.44931,316.0153,3.89832,150,50,189.78,66,458,227,2,179.50400000000005,75,643
1.0,279.0,10,2021.0,656.2944,872.64,3727.0369,2014.1827,262.2926,148.7253,264.08795,3.32676,150,50,189.78,66,458,227,2,179.50400000000005,75,644
1.0,280.0,10,2021.0,671.76,855.8784,3805.4016,2014.1827,262.2926,78.7877,291.33795,1.73492,150,50,189.78,66,458,227,2,179.50400000000005,75,645
1.0,281.0,10,2021.0,571.8816,784.08,3946.32,2014.1827,262.2926,102.45737,280.13498,2.15698,150,50,189.78,66,458,227,2,179.50400000000005,75,646
1.0,282.0,10,2021.0,668.3904,788.7456,4052.2463,2014.1827,262.2926,139.08826000000002,283.7474,5.47636,150,50,189.78,66,458,227,2,179.50400000000005,75,647
1.0,283.0,10,2021.0,593.136,747.5328,4058.0352,2014.1827,262.2926,126.54372,285.30206,6.5496,150,50,189.78,66,458,227,2,179.50400000000005,75,648
1.0,284.0,10,2021.0,497.1456,688.6944,3966.5376,2014.1827,262.2926,120.57788,293.00925,7.4355,150,50,189.78,66,458,227,2,179.50400000000005,75,649
1.0,285.0,10,2021.0,416.3616,630.8928,3803.1553,2014.1827,262.2926,131.98724,288.6296,3.85129,150,50,189.78,66,458,227,2,179.50400000000005,75,650
1.0,286.0,10,2021.0,352.8576,579.5712,3603.9167,2014.1827,262.2926,123.55276,282.78235,2.38706,150,50,189.78,66,458,227,2,179.50400000000005,75,651
1.0,287.0,10,2021.0,306.3744,538.3584,3395.4336,2014.1827,262.2926,25.36344,347.4748,3.4921,150,50,189.78,66,458,227,2,179.50400000000005,75,652
1.0,288.0,10,2021.0,267.7536,501.552,3193.776,2014.1827,262.2926,65.91814000000001,336.4333,2.2450900000000003,150,50,189.78,66,458,227,2,179.50400000000005,75,653
1.0,289.0,10,2021.0,237.0816,470.1888,3005.683,2014.1827,262.2926,42.76063,331.25323,4.61578,150,50,189.78,66,458,227,2,179.50400000000005,75,654
1.0,290.0,10,2021.0,211.0752,442.1952,2833.2288,2014.1827,262.2926,109.13855,293.423,5.88269,150,50,189.78,66,458,227,2,179.50400000000005,75,655
1.0,291.0,10,2021.0,188.9568,417.2256,2675.8943,2014.1827,262.2926,116.42762,277.75616,5.85967,150,50,189.78,66,458,227,2,179.50400000000005,75,656
1.0,292.0,10,2021.0,170.208,395.0208,2533.0752,2014.1827,262.2926,114.76369,273.08142000000004,4.89436,150,50,189.78,66,458,227,2,179.50400000000005,75,657
1.0,293.0,10,2021.0,154.0512,375.3216,2404.1665,2014.1827,262.2926,275.4188,275.4188,5.377015,150,50,189.78,66,458,227,2,179.50400000000005,75,658
1.0,294.0,10,2021.0,140.0544,357.6096,2286.2305,2014.1827,262.2926,111.94378,278.38278,4.23917,150,50,189.78,66,458,227,2,179.50400000000005,75,659
1.0,295.0,10,2021.0,127.6992,341.7984,2179.3535,2014.1827,262.2926,109.38423,290.24475,3.62415,150,50,189.78,66,458,227,2,179.50400000000005,75,660
1.0,296.0,10,2021.0,116.8992,327.456,2082.24,2014.1827,262.2926,69.76608,319.9099,3.27529,150,50,189.78,66,458,227,2,179.50400000000005,75,661
1.0,297.0,10,2021.0,107.2224,314.3232,1993.4208,2014.1827,262.2926,91.60228,299.6289,1.68918,150,50,189.78,66,458,227,2,179.50400000000005,75,662
1.0,298.0,10,2021.0,98.5824,302.3136,1912.1184,2014.1827,262.2926,81.13388,302.7782,3.2593400000000003,150,50,189.78,66,458,227,2,179.50400000000005,75,663
1.0,299.0,10,2021.0,90.9792,291.4272,1837.4688,2014.1827,262.2926,65.27573000000001,326.57346,2.52073,150,50,189.78,66,458,227,2,179.50400000000005,75,664
1.0,300.0,10,2021.0,90.9792,285.9840000000001,1769.4720000000002,2014.1827,262.2926,53.98979,332.26443,2.01115,150,50,189.78,66,458,227,2,179.50400000000005,75,665
1.0,301.0,10,2021.0,150.1632,339.2928,1710.1152,2014.1827,262.2926,40.48605,323.19748,4.38704,150,50,189.78,66,458,227,2,179.50400000000005,75,666
1.0,302.0,10,2021.0,174.6144,371.7792,1684.5408,2014.1827,262.2926,77.07653,274.86246,6.289,150,50,189.78,66,458,227,2,179.50400000000005,75,667
1.0,303.0,10,2021.0,531.9648,861.1488,2727.1296,2014.1827,262.2926,63.75433,301.06894,4.23467,150,50,189.78,66,458,227,2,179.50400000000005,75,668
1.0,304.0,10,2021.0,864.8639999999998,1242.432,4744.742,2014.1827,262.2926,21.64318,318.4612,5.198919999999998,150,50,189.78,66,458,227,2,179.50400000000005,75,669
1.0,305.0,11,2021.0,777.0816,1164.672,4931.712,2014.1827,262.2926,87.65375999999998,248.7996,4.52764,150,50,189.78,66,458,227,2,183.248,75,670
1.0,306.0,11,2021.0,747.9648,1069.632,4771.008,2045.1702,262.2926,19.35535,297.00714,5.86334,150,50,189.78,66,458,227,2,183.248,75,671
1.0,307.0,11,2021.0,616.2048,937.44,5028.48,2045.1702,262.2926,47.03013,282.1192,6.21862,150,50,189.78,66,458,227,2,183.248,75,672
1.0,308.0,11,2021.0,764.4672,1001.376,5094.144,2045.1702,262.2926,12.40655,306.74545,5.60314,150,50,189.78,66,458,227,2,183.248,75,673
1.0,309.0,11,2021.0,668.4768,929.664,5062.176,2045.1702,262.2926,41.56539,276.80017000000004,7.64102,150,50,189.78,66,458,227,2,183.248,75,674
1.0,310.0,11,2021.0,547.8624,827.4528,4863.7153,2045.1702,262.2926,83.33612,256.22656,4.61428,150,50,189.78,66,458,227,2,183.248,75,675
1.0,311.0,11,2021.0,657.936,863.0496,4692.47,2045.1702,262.2926,17.30172,339.36,4.97963,150,50,189.78,66,458,227,2,183.248,75,676
1.0,312.0,11,2021.0,585.7919999999998,812.9376,4550.7744,2045.1702,262.2926,40.20731,313.7359600000001,3.804980000000001,150,50,189.78,66,458,227,2,183.248,75,677
1.0,313.0,11,2021.0,491.8752,739.3248,4357.411,2045.1702,262.2926,35.68388,345.6691,6.6155800000000005,150,50,189.78,66,458,227,2,183.248,75,678
1.0,314.0,11,2021.0,833.76,1114.56,4593.024,2045.1702,262.2926,4.28262,365.73816,3.72475,150,50,189.78,66,458,227,2,183.248,75,679
1.0,315.0,11,2021.0,1646.784,1580.256,6586.272,2045.1702,262.2926,5.89874,355.06573,2.57039,150,50,189.78,66,458,227,2,183.248,75,680
1.0,316.0,11,2021.0,1385.856,1474.848,6936.191999999999,2045.1702,262.2926,32.131840000000004,325.25916,5.05747,150,50,189.78,66,458,227,2,183.248,75,681
1.0,317.0,11,2021.0,1093.8239999999996,1297.728,7065.792,2045.1702,262.2926,49.95087,302.926,6.6086,150,50,189.78,66,458,227,2,183.248,75,682
1.0,318.0,11,2021.0,875.232,1143.936,6676.991999999998,2045.1702,262.2926,66.64759000000001,287.53375,6.4795300000000005,150,50,189.78,66,458,227,2,183.248,75,683
1.0,319.0,11,2021.0,1285.632,1287.36,6605.28,2045.1702,262.2926,27.34863,338.87723,5.83971,150,50,189.78,66,458,227,2,183.248,75,684
